Product Id (Don't Modify),Product Name,Cost Price,Web Price,"Discount Type ('%' for %,'Value' for Discount Value,'Exact' for Exact Discount Price)",Discount (value in this field depends on the Discount Type)
P-533458,1 inch Rubber Threshold Ramp,0.00,30.07,%,0.00
P-532847,1 inch Threshold Bridge Ramp,0.00,70.17,%,0.00
P-532540,1 Year Plus Insurance,99.00,99.24,%,0.00
P-532537,1 Year Standard Insurance,75.00,75.18,%,0.00
P-533459,1.5 inch Rubber Threshold Ramp,0.00,36.08,%,0.00
P-533305,1100mm Foldable Channel Ramp,0.00,220.54,%,0.00
P-533304,1160mm Fixed Channel Ramp,0.00,180.44,%,0.00
P-533894,12v 10A/H Battery,10.00,21.99,%,0.00
P-532699,12v 110A/H Battery,100.00,139.00,%,0.00
P-533895,12v 12A/H Battery,12.00,33.05,%,0.00
P-532769,12v 15A/H Battery,15.00,36.00,%,0.00
P-533942,12v 18A/H Battery,18.00,39.00,%,0.00
P-533943,12v 22A/H Battery,22.00,45.00,%,0.00
P-533941,12v 35A/H Battery,35.00,52.00,%,0.00
P-533886,12v 40A/H Battery,40.00,61.00,%,0.00
P-532700,12v 50A/H Battery,50.00,76.00,%,0.00
P-532697,12v 55A/H Battery,55.00,86.00,%,0.00
P-532698,12v 75A/H Battery,75.00,109.00,%,0.00
P-533306,1500mm Foldable Channel Ramp,0.00,266.66,%,0.00
P-532667,2 ft Folding Ramp,0.00,59.14,%,0.00
P-533460,2 inch Rubber Threshold Ramp,0.00,43.09,%,0.00
P-533308,2 inch Threshold Bridge Ramp,0.00,100.24,%,0.00
P-532738,2 inch Threshold Wedge Ramp,0.00,83.19,%,0.00
P-532541,2 Year Plus Insurance,0.00,175.43,%,0.00
P-532538,2 Year Standard Insurance,0.00,130.33,%,0.00
P-532868,2'' Square Cut Canvas Cushion 18'' Width,9.99,20.04,%,0.00
P-533480,2-Way Sculptured Support,18.90,35.07,Exact,25.05
P-533307,2000mm Foldable Channel Ramp,0.00,310.77,%,0.00
P-533316,2000mm Telescopic 3-part Ramp,0.00,330.82,%,0.00
P-533315,2030mm Telescopic 2-part Ramp,0.00,306.76,%,0.00
P-533318,2100mm Foldable and Telescopic Ramp,0.00,411.01,%,0.00
P-533314,2120mm Foldable Channel Ramp,0.00,320.79,%,0.00
P-533319,2770mm Foldable and Telescopic Ramp,0.00,451.11,%,0.00
P-533317,2900mm Telescopic 3-part Ramp,0.00,400.98,%,0.00
P-532668,3 ft Folding Ramp,0.00,85.21,Value,24.06
P-532564,3 ft Roll-Up Ramp,0.00,66.16,%,0.00
P-532760,3 in 1 Mobility Poncho Sleeved,0.00,45.10,%,0.00
P-532759,3 in 1 Mobility Poncho Unsleeved,0.00,40.09,%,0.00
P-533309,3 inch Threshold Bridge Ramp,0.00,130.32,%,0.00
P-533996,3 inch Threshold Wedge Ramp,0.00,113.27,%,0.00
P-533801,3 ltr airpot dispenser,37.44,59.64,Exact,46.91
P-532542,3 Year Plus Insurance,0.00,259.64,%,0.00
P-532539,3 Year Standard Insurance,0.00,192.98,%,0.00
P-533457,3000mm Foldable and Telescopic Ramp,0.00,467.15,%,0.00
P-533931,4 ft Folding Ramp,0.00,71.16,%,0.00
P-533119,4 inch Threshold Bridge Ramp,0.00,160.39,%,0.00
P-532846,4 inch Threshold Wedge Ramp,0.00,128.31,%,0.00
P-533935,5 ft Folding Ramp,0.00,96.23,%,0.00
P-533302,5 ft Roll-Up Ramp,0.00,90.22,%,0.00
P-533120,5 ft Telescopic Ramp,0.00,113.27,%,0.00
P-533303,550mm Fixed Channel Ramp,0.00,120.29,%,0.00
P-533936,6 ft Folding Ramp,0.00,120.29,%,0.00
P-532563,6 ft Smart Ramp,0.00,240.59,%,0.00
P-533759,6 Slatted bath board,27.90,48.11,Exact,37.08
P-533111,660 Mini Lounger Duet Rise Recline Lift Chair,490.00,1107.75,Value,576.43
P-533112,670 Rise Recline Lift Chairbed,525.00,1328.30,Exact,621.54
P-532821,7 Day Extra Large Pill Box,4.05,9.02,Exact,5.52
P-532820,7 Day Mini Pill Box,4.85,11.02,Exact,6.01
P-533937,7 ft Folding Ramp,0.00,140.34,%,0.00
P-532562,7 ft Telescopic Ramp,0.00,145.35,%,0.00
P-532737,8 ft Folding Ramp,0.00,160.39,%,0.00
P-533009,Adjustable Height Perching stool,27.50,46.11,Exact,40.09
P-532526,Adjustable Height Perching stool with arms,25.50,65.16,Exact,37.08
P-533779,Adjustable Height Stationary Shower Chair,28.50,60.14,Exact,45.11
P-533183,Adjustable Height Trolley,30.50,70.17,Exact,46.11
P-533339,Adjustable Height Trolley with brakes,50.65,124.31,Exact,84.21
P-532772,Adjustable Toilet Frame,20.00,60.14,Exact,30.07
P-533636,Adjustable width bed stick,32.03,50.13,Exact,42.11
P-533550,Adjustable Width Swivel Bather,51.50,110.27,Exact,74.19
P-533715,Adult Clothes Protector,8.40,20.04,Exact,15.03
P-533337,Adult Short Leg Cast & Bandage protector,9.90,20.04,Exact,14.54
P-533491,Adult Warming Dish,18.05,35.07,Exact,25.06
P-533926,Aerolite Plus Mobility Scooter,504.00,695.00,%,0.00
P-533973,Alcora Mobility Scooter Owners Manual,0.00,5.00,Exact,2.00
P-533735,Alhena Lightweight Wheelchair,1581.25,2756.85,Exact,2756.84
P-532629,All in One Briefs,11.20,20.05,Exact,15.02
P-532660,All in One Immobile Briefs,13.65,26.07,Exact,21.74
P-533892,All Seasons Protective Canopy,0.00,149.37,%,0.00
P-533891,All Window Canopy,0.00,349.87,%,0.00
P-532999,Alternative Gifts,0.00,0.00,%,0.00
P-533071,Aluminium access ramp,37.97,85.21,Exact,52.12
P-533790,Aluminium Adjustable Height Toilet Surround,22.75,52.12,Exact,35.07
P-533051,Aluminium folding ramps,75.36,150.38,Exact,120.30
P-533798,Aluminium Mobile Commode/Shower Chair,104.70,242.61,Exact,189.47
P-532925,Aluminium Palm Grip Walking Stick,9.92,17.03,Exact,15.02
P-533796,Aluminium self propelling commode & shower chair,198.95,496.23,Exact,330.83
P-533058,"Aluminium Shower Stool/Seat, Bath Step/Seat",23.32,36.08,Exact,30.07
P-532810,Aluminium Suitcase style ramps with carry handle,65.00,135.33,Exact,88.22
P-532811,Aluminium Telescopic Wheelchair Ramps,80.00,233.82,Exact,109.27
P-533052,Aluminium Travel Chair Plus from Drive,85.50,209.47,Exact,116.29
P-533478,Aluminium Tri Wheel Walker,43.40,100.24,Exact,55.13
P-533181,Ambassador Rise and Recline Chair,710.00,1703.22,Exact,907.25
P-532790,Amefa cutlery,7.35,15.03,Exact,10.03
P-532758,Ankle socks for kids,7.70,13.03,Exact,10.29
P-532522,Anti Slip,14.50,30.07,Exact,20.92
P-533590,Anti-slip foot pad,28.78,46.11,Exact,37.09
P-532789,Anti-Slip Shower Mat,9.75,26.06,Exact,19.04
P-533129,Apollo Mobility Scooter Owners Manual,0.00,5.00,Exact,2.00
P-533103,Aqua Joy Junior Plus Bathlift,365.00,796.98,Exact,466.16
P-533102,Aqua Joy Premier Plus Bathlift,274.00,600.49,Exact,347.86
P-533351,Aquatec 900 Toilet Seat Raiser with arms,35.90,81.19,Exact,52.12
P-533900,Aquatec Trans Supported Transfers,24.50,50.12,Exact,40.09
P-533594,Arran manual riser chair,654.38,1001.48,Exact,944.35
P-533081,Arthritic Crutches,54.00,110.27,Exact,78.19
P-533748,Assisted spout lids,4.92,14.34,Exact,7.01
P-533639,Atlas Frame with Arthritic Attachments,190.20,441.09,Exact,270.68
P-533640,Atlas Walking Frame,153.15,350.88,Exact,202.50
P-532775,Attendant controlled wheelchair,107.79,259.64,Exact,130.33
P-533788,Attendant-propelled shower commode chair with gull wing arms,197.00,438.08,Exact,295.73
P-533511,Auto Slide,52.50,110.28,Exact,79.19
P-533839,Aviator Mobility Scooter from Drive,1829.00,4506.18,Exact,2451.08
P-532650,Aviator Mobility Scooter Owners Manual,0.00,5.00,Exact,2.00
P-533777,Baby boa constrictor and ring pull,3.56,9.01,Exact,5.70
P-533132,Back Washer,19.00,35.08,Exact,27.43
P-533446,Backfriend contoured seat,71.57,127.31,Exact,100.24
P-532890,BackRest,20.50,29.07,%,0.00
P-533374,Bari-Care Designer Cushion,74.90,135.32,Exact,110.28
P-533379,Bari-Care Designer Spine Support,54.90,99.23,Exact,80.20
P-533584,Bariatric Anterior Safety Walker,101.50,262.09,Exact,174.44
P-533086,Bariatric extra wide commode with detachable arms,172.90,306.46,Exact,227.56
P-533046,Bariatric Folding Walking Frame,21.00,39.09,Exact,37.08
P-533278,Bariatric Heavy Duty Rollator,133.65,292.72,Exact,175.43
P-533321,Bariatric Heavy Duty Rollator,159.60,351.87,Exact,205.51
P-533017,Bariatric Sentra EC Wheelchair from Drive,161.50,335.83,Exact,218.55
P-533934,Bariatric Stamford  Combi Scandia Toilet  frame,25.75,119.29,Exact,60.14
P-532977,Bariatric Steel Transport Wheelchair,125.00,399.99,Exact,149.37
P-533088,Bariatric Toilet Seat,151.45,299.74,Exact,216.54
P-533184,Bath Buddy Bathlift,360.00,776.93,Exact,500.24
P-533359,Bath in Bed Wipes,4.30,11.01,Exact,6.01
P-533475,Bath Pillow PVC,6.75,10.02,Exact,8.01
P-532681,Bath Swivel Seat with Grab Bar,68.20,150.37,Exact,100.25
P-533527,Bath tub grab bar,25.70,50.13,Exact,37.08
P-533185,Bath Wizard Bath Lift,232.00,500.24,Exact,319.79
P-533762,Bathboard with Handle,20.00,40.09,Exact,28.06
P-532982,Batteries for Mobility Scooters,7.07,25.06,Exact,15.02
P-532712,Batwing Pillow,20.11,33.02,Exact,29.06
P-532518,Bayswater Wheelchair bag,11.59,25.06,Exact,18.05
P-533521,Beauty Hair Brush,16.50,30.07,Exact,22.38
P-533517,Beauty Hair Washer,21.50,35.07,Exact,25.05
P-533487,Bed Backrest,17.50,39.09,Exact,25.06
P-533008,Bed Blanket support,9.42,17.55,Exact,15.02
P-532785,Bed mate,15.78,30.07,Exact,22.06
P-533588,Bed rope ladder,9.39,20.04,Exact,15.03
P-533479,Bed Sitter Support,35.95,55.13,Exact,48.08
P-533516,Bed Socks (synthetic fleece),13.40,20.05,Exact,19.04
P-532798,Bed Wedge,25.95,69.68,Exact,35.07
P-532524,Bedgate Bed Rail,78.50,160.39,Exact,130.33
P-532664,Belgrave Bariatric Commode,86.50,220.55,Exact,149.37
P-533098,Bellavita Bathlift from Drive Medical,195.50,499.00,Exact,218.00
P-532750,Beluga Bathlift,135.00,299.74,Exact,198.50
P-532752,Bentley Belt Bathlift,410.00,1201.98,Exact,600.49
P-532714,Big Button Mobile Phone,0.00,0.00,%,0.00
P-532972,Black Elevating Footrests to fit Ztec wheelchair,30.26,61.64,Exact,50.12
P-533349,Body Massage Sensory Bag,92.44,150.37,Exact,125.31
P-532645,Body Washer,16.50,28.06,Exact,21.05
P-533000,Book Hotel Beds,0.00,0.00,%,0.00
P-533694,Border patrol safety beam,28.28,50.12,Exact,38.10
P-532749,Borgarelli B9000 Mobility Scooter,0.00,0.00,%,0.00
P-532720,Borgarelli B9200 Mobility Scooter,0.00,0.00,%,0.00
P-532622,Borgarelli B9500X Mobility Scooter,0.00,0.00,%,0.00
P-532689,Borsque Bathlift,644.00,1152.87,Exact,800.99
P-533430,Boston,0.00,897.22,Exact,530.32
P-533429,Boston Petite,0.00,530.32,%,0.00
P-533048,Boston Rise Recline Lift Armchairs,469.00,1197.97,Exact,676.68
P-533769,Bosworth shower bench,20.75,50.12,Exact,33.07
P-533525,Bottle Opener,4.90,11.01,Exact,7.00
P-533626,Bra angel,16.86,30.07,Exact,25.06
P-532979,Breathable Childrens Wheely Cosy,37.95,60.15,Exact,50.75
P-533440,Brett Slippers,9.50,21.05,Exact,16.04
P-532499,Bringhurst Corner Shower Stool,26.25,60.15,Exact,37.90
P-532576,Brio Walking Frame,17.50,35.08,Exact,25.27
P-533542,Buckingham walking frame caddy,28.24,44.11,Exact,36.09
P-532978,Budget Attendant Transfer Wheelchair,54.99,120.29,Exact,66.16
P-532955,Budget Wheelchair cushion,16.37,20.04,%,0.00
P-533656,Button hook and zipper,5.19,12.03,Exact,9.73
P-533109,C-1 Petite Rise Recline Lift Chair,319.00,901.23,Exact,368.92
P-533113,C-11 Wing Back Rise Recline Lift Chair,346.00,892.22,Exact,406.01
P-532711,Cables and Electrodes for Arrthythmia Analysis,28.06,60.14,Exact,40.10
P-533919,Cambridge,0.00,1001.48,Exact,399.99
P-533441,Can Key,5.45,12.02,Exact,8.02
P-532933,Cane Seat,15.50,30.03,Exact,16.03
P-532946,Cane Strap in black,7.29,6.01,Exact,4.00
P-533040,Cane/walking stick Holder,8.79,23.55,Exact,15.53
P-532653,Canopies,208.00,421.04,Exact,310.78
P-533616,Canopy Cover,27.56,60.15,Exact,45.11
P-533236,Canterbury Cover,11.32,20.05,Exact,17.03
P-533583,Canterbury Cover fleece lined,15.98,30.08,Exact,25.06
P-532657,Car caddie,19.57,30.08,Exact,25.06
P-533548,Care Spoons,10.60,22.06,Exact,16.64
P-533912,CareCo Chester,0.00,700.74,Exact,329.82
P-532707,CareCo Eclipse,0.00,1899.71,Exact,416.03
P-533678,CareCo I-Go Traveller 12amp,0.00,2003.97,Exact,436.08
P-532589,CareCo I-Go Traveller 18amp,0.00,2125.27,Exact,486.21
P-533736,CareCo Relaxa Bathlift,425.00,1298.22,Exact,700.74
P-532536,CareCo Scootcase,0.00,2456.10,Exact,1302.23
P-532763,CareCo Scorpio,0.00,5308.17,Exact,1694.21
P-533225,CareCo Universe,0.00,4008.95,Exact,1081.68
P-532727,Carephone Landline,0.00,200.49,Exact,150.37
P-532733,Carephone Mobile,0.00,399.99,Exact,249.62
P-533323,Carisbrooke Static Footrest,31.50,65.16,Exact,45.11
P-532861,Casa Med 11 Adjustable Bed,744.00,1603.97,Exact,1001.48
P-532957,Casa Med Classic FS Homecare Bed,448.00,1326.28,Exact,837.07
P-532862,Casa Med Classic FS Low Homecare Bed,513.60,1421.53,Exact,700.74
P-533504,Casa Med SE Low Bed,419.03,1160.88,Exact,540.34
P-532998,Casa Med Ultra FS Homecare Bed,465.09,1300.23,Exact,650.62
P-532856,Casa Nuova II Homecare Bed,536.76,1368.40,Exact,726.81
P-533503,Casa Nuova II Low Bed,569.70,1364.39,Exact,770.92
P-533419,Casalift Mobile Hoist,581.25,1251.10,Exact,793.97
P-532565,Cast Protector Adult Long Leg,9.90,19.03,Exact,15.03
P-533739,Chair Raisers for chairs with legs,22.50,50.13,Exact,45.11
P-533299,Chairman HD Powerchair,0.00,0.00,%,0.00
P-533470,Cheekey,4.40,11.01,Exact,5.77
P-533390,Chelsea Wheelchair Bag,16.91,32.08,Exact,26.07
P-533914,Chicago,0.00,796.98,Exact,375.93
P-533915,Chicago Anti-Microbial PVC,0.00,1001.48,Exact,500.24
P-532935,Chicago Rise and Recline Armchair,309.00,800.99,Exact,397.99
P-533861,Children's Safety Bed Rail With Padded Pouch,91.87,149.37,Exact,130.32
P-533285,Childrens Double Adjustable Elbow Crutches with standard hand grips,23.80,45.10,Exact,33.07
P-532980,Childrens sleeved lined Wheely mac,31.95,56.14,%,0.00
P-532687,Childs Surfer Bather With Airflow Battery Compressor,888.33,1370.06,Exact,1218.02
P-533744,Cholesterol Monitoring Kit,43.37,100.24,Exact,65.16
P-532971,Chrome Elevating footrest to fit Ztec wheelchair,30.26,53.12,Exact,50.12
P-532891,Chrome Self Propelled Wheelchair,112.44,299.74,Exact,232.80
P-532968,Chrome Steel Transit Wheelchair,62.00,150.38,Exact,75.18
P-533325,Chrome Transit Wheelchair,107.33,299.74,Exact,186.47
P-532895,Clamp on bath safety grab rail,20.16,32.07,Exact,27.56
P-532795,Classic Cosi Rise and Recline chair,329.00,1197.97,Exact,496.23
P-533217,Clean Shower/Commode Chair Height Adjustable,311.50,531.32,Exact,449.68
P-532824,Clear Mug with Handle,7.50,15.02,Exact,12.03
P-533036,Clever Lite Junior Walker from Drive,63.50,125.31,Exact,85.21
P-533084,Clever Lite LS Walker from Drive,51.50,110.28,Exact,74.19
P-532888,Clever lite walker from Drive Medical,62.00,135.33,Exact,75.18
P-532778,Clothing protector,6.54,11.01,Exact,8.32
P-533218,Cobra Mobility Scooter,2077.00,4008.95,Exact,2404.97
P-533257,Cobra Mobility Scooter Owners Manual,0.00,5.00,Exact,2.00
P-533444,Coccyx Wedge (Memory Foam),17.45,30.08,Exact,23.04
P-533080,Colt Nine Mobility Scooter from Pride,618.00,2003.97,Exact,746.86
P-533654,Combi reacher,10.45,21.04,Exact,16.04
P-533274,Comfort Cushion,45.00,71.16,Exact,64.96
P-533561,Comfort cushion,15.78,24.05,Exact,21.05
P-533554,Comfort hand pads,18.49,27.06,Exact,24.06
P-533366,Comfort Plus Cushion,11.20,23.04,Exact,17.04
P-533436,Comfort Sling,55.10,109.27,Exact,81.89
P-532741,Comfort Waterproof Duvet,80.78,130.33,Exact,110.28
P-532898,Comforter Cosi chair from Electric Mobility,579.50,1097.72,Exact,741.84
P-533608,Cone furniture raisers,16.32,27.06,Exact,23.05
P-532511,Coniston Cape,13.57,28.07,Exact,22.05
P-533752,Cooking basket,15.78,28.07,Exact,20.05
P-533699,Cool Hand,6.70,17.04,Exact,10.02
P-533751,Coolhand microwave aid,5.19,11.01,Exact,8.02
P-533575,Cordless kettle tipper,24.44,38.10,Exact,32.08
P-533782,Corner Seat Table,94.33,145.36,Exact,121.30
P-533873,Cosi Chair Ambassador Brisa L,0.00,2501.20,Exact,1501.73
P-533872,Cosi Chair Ambassador Brisa M,0.00,2200.46,Exact,1401.48
P-533871,Cosi Chair Ambassador Brisa S,0.00,2200.46,Exact,1392.46
P-533870,Cosi Chair Ambassador L,0.00,1999.96,Exact,1080.69
P-532621,Cosi Chair Ambassador M,0.00,19548.51,Exact,1050.61
P-532620,Cosi Chair Ambassador S,0.00,1934.81,Exact,1040.59
P-533874,Cosi Chair Classic,0.00,1502.73,%,0.00
P-532953,Cream Rubber Bath/Shower Mat,9.11,12.02,%,0.00
P-533714,Crossland Toilet Aid,335.29,800.99,Exact,551.37
P-533940,Crutch Walking Stick Bag,0.00,40.09,%,23.99
P-532586,Crutch/Walking Stick bag -,27.00,46.11,Exact,24.05
P-533400,Crutch/Walking stick holders,15.95,25.06,Exact,21.33
P-533660,Crystal and crosshead tap turners,11.14,19.03,Exact,14.89
P-533568,Cuckoo Cover fleece lined,14.43,28.07,Exact,22.06
P-533566,Cuckoo Cover unlined,10.79,20.05,Exact,16.04
P-533677,Curved Transfer Board,32.07,54.13,Exact,45.11
P-533507,Cut cutting board,27.50,50.12,Exact,39.70
P-533580,Cutlery,6.75,13.03,Exact,7.00
P-533471,D Lumbar Cushion (memory Foam),11.45,22.06,Exact,20.04
P-533110,D30 Comfort Rise Recline Lift Chair,375.00,887.20,Exact,411.02
P-532973,Dalerise 18 Rise and Recline Chair,505.00,1253.11,Exact,680.69
P-532936,Dalerise 20 Rise and Recline Chair,505.00,1253.11,Exact,680.69
P-533558,Dartmouth footstool,147.13,236.07,Exact,202.51
P-532855,Dartmouth high back chair,279.38,500.24,Exact,399.99
P-533201,Days Strider ST1 Mobility Scooter,332.00,1402.48,Exact,533.32
P-532721,Days Strider ST2 Mobility Scooter,352.00,1602.98,Exact,496.23
P-533202,Days Strider ST3 Mobility Scooter,482.00,1803.47,Exact,650.62
P-533203,Days Strider ST4 Mobility Scooter,880.00,2705.71,Exact,1182.94
P-533928,Deltis Bathmaster Bathlift,165.00,399.99,Exact,209.52
P-532878,Deluxe 4 wheel Scooter Cape,23.00,46.12,%,0.00
P-533893,Deluxe All Seasons Protective Canopy,0.00,199.49,%,0.00
P-532881,Deluxe Aluminium Lightweight Wheelchair,131.50,385.96,Exact,165.40
P-533232,Deluxe Bariatric Drop Arm Commode,96.50,199.49,Exact,140.35
P-533425,Deluxe Bed Wedge,36.00,75.18,Exact,60.15
P-532848,Deluxe Canopy,0.00,239.59,%,0.00
P-533178,Deluxe chrome shoe horn,9.07,14.04,Exact,12.03
P-532944,Deluxe Crutch Walking Stick Bag,0.00,30.39,%,23.99
P-533686,Deluxe Drip Stand,55.25,99.24,Exact,79.19
P-533666,Deluxe floorstanding lamp,96.49,180.44,Exact,128.32
P-532704,Deluxe Lightweight Transit Wheelchair,115.50,335.83,Exact,159.39
P-533083,Deluxe Rubber Bath/Shower Mat in cream,13.40,22.05,Exact,20.53
P-533212,Deluxe Scooter Starter Pack,0.00,225.31,%,0.00
P-532591,Deluxe Scooter Storage Cover,0.00,60.15,Exact,42.10
P-533433,Deluxe scooter storage cover_old,32.50,55.13,Exact,48.11
P-533261,Deluxe Screw In Tax Disc Holder,0.00,30.07,Exact,17.96
P-533389,Deluxe Shampoo Basin,11.90,21.05,Exact,17.03
P-533771,Deluxe shower stool with back rest,28.45,60.14,Exact,45.11
P-533054,Deluxe Split Tilt-Top Overbed Table,34.99,68.16,Exact,59.13
P-533785,Deluxe toilet Aid,59.85,115.27,Exact,84.21
P-533582,Deluxe Transfer Bench,54.00,84.19,Exact,73.18
P-533085,Deluxe trigger release folding walker,18.49,62.11,Exact,27.05
P-533486,Deluxe wheelchair fleece (pure wool),18.45,29.07,Exact,25.06
P-533500,Deluxe Wheely Cosy,38.15,65.16,Exact,55.13
P-532753,Dementia Alert,303.71,450.47,Exact,390.98
P-532619,Denver,0.00,1097.72,Exact,700.74
P-533029,Denver Rise Recline Lift Chair,544.00,1502.73,Exact,800.99
P-533767,Derby Bath Seat,36.25,59.13,Exact,49.12
P-532842,Derby breadboard,16.32,28.07,Exact,21.05
P-533701,Derby P-Guard,16.50,36.08,Exact,22.05
P-533370,Designer Ergoform Cushion,74.90,135.33,Exact,95.22
P-533372,Designer Ergogel Pressure Relief Cushion,84.90,135.33,Exact,126.32
P-533282,Designer Ring Cushion,26.70,50.12,Exact,40.09
P-532958,Diamond Aluminium Rollator from Drive,74.00,150.37,Exact,90.22
P-533711,Digital doorbell phone,80.78,154.87,Exact,110.28
P-533724,Dignity by wade bowl,12.15,22.06,Exact,16.04
P-533722,Dignity by wade large saucer,8.36,14.03,Exact,10.78
P-533718,Dignity by wade plates,15.59,27.06,Exact,20.05
P-533723,Dignity by wade two handled cup feeder,9.44,15.03,Exact,12.03
P-533453,Dignity by wade two handled mug,9.44,15.03,Exact,12.03
P-533545,Dining apron,11.61,20.05,Exact,15.03
P-532827,Dinner Bibs,8.40,24.06,Exact,15.02
P-533618,Disposable aprons,7.82,13.03,Exact,10.03
P-532661,Disposable Bed Pads,9.35,20.05,Exact,15.02
P-533553,Disposable clothing protectors,7.42,11.54,Exact,10.03
P-533211,Disposable Insert Pads,6.20,12.02,Exact,8.32
P-533454,DMS Mini Mobility Scooter,335.12,1402.48,Exact,436.08
P-532508,Doctor cook pans- Set of 3,58.03,109.78,Exact,75.18
P-533947,Dolomite Jazz Rollator,91.50,190.47,Exact,150.37
P-533768,Dolomite Maxi Heavy Duty walker,192.00,325.81,Exact,269.67
P-533226,Door frame ramp,105.62,179.44,Exact,130.33
P-533658,Doormatic,579.00,1503.73,Exact,1001.48
P-533437,Dora Slippers,15.45,25.06,Exact,21.05
P-533983,Doro 326i HandlePlus Mobile,60.00,100.25,Exact,85.21
P-532501,Doro 334 Phone,68.99,115.26,Exact,110.28
P-532735,Doro 505 Phone,35.00,79.19,Exact,50.13
P-532884,Doro 612 Phone,82.00,149.37,Exact,115.28
P-532768,Doro 614 Phone,89.00,150.38,Exact,130.33
P-533987,Doro 615 PhoneEasy 3G Mobile Phone,89.99,179.44,Exact,130.33
P-532909,Doro Comfort 1000,14.58,35.08,%,25.00
P-533982,Doro Comfort 3005,28.00,60.15,Exact,40.10
P-533841,Doro Handle Easy Remote 321rc - easy TV remote control,16.66,40.09,Exact,23.55
P-533946,Doro PhoneEasy 110W Cordless Telephone,29.16,55.13,Exact,50.12
P-533997,Doro PhoneEasy 715,82.99,150.38,Exact,120.30
P-533975,Doro Secure 350 phone,69.99,130.33,Exact,100.25
P-533661,Double Adjustable Elbow Crutches,15.00,36.08,Exact,22.05
P-532903,Double bed Fleece (pure wool),35.95,55.13,Exact,49.12
P-533065,Double Cross Brace Folding Lightweight S/P W/ch,123.50,299.74,Exact,169.42
P-533592,Double drop armchair,523.13,790.97,Exact,754.88
P-532937,Dove Ultra Lightweight Self Propel Wheelchair from Karma,139.00,309.77,Exact,169.42
P-533827,Dove Ultra Lightweight Transit Wheelchair,145.50,309.77,Exact,169.42
P-533435,Dress Sling,51.70,101.15,Exact,76.19
P-533627,Dressing stick deluxe,5.19,20.00,Exact,9.98
P-533927,Drive Aluminium Travel Chair,75.00,185.46,Exact,95.23
P-533950,Drive Aviator,0.00,4506.18,Exact,2451.08
P-532726,Drive Cobra,0.00,4004.94,Exact,2404.97
P-533239,Drive Kite 3,0.00,1899.71,Exact,440.09
P-533273,Drive Kite 4,0.00,1899.71,Exact,449.11
P-532560,Drive Mercury Envoy 4,0.00,1502.73,Exact,1087.70
P-533294,Drive Mercury Envoy 6,0.00,3002.45,Exact,1353.36
P-533292,Drive Mercury Envoy 8,0.00,3904.69,Exact,1353.36
P-532715,Drive Mercury GT,0.00,6009.91,Exact,2180.41
P-532550,Drive Mercury Neo 4 Mobility Scooter,0.00,3202.95,Exact,696.73
P-533223,Drive Mercury Neo 6,0.00,3804.44,Exact,837.07
P-532641,Drive Mercury Neo 8 Mobility Scooter,0.00,3804.44,Exact,1081.68
P-533864,Drive Mercury Prism 3,0.00,1197.97,Exact,451.12
P-533169,Drive Mercury Prism 4,0.00,2204.47,Exact,550.37
P-533295,Drive Mercury Regatta 8,0.00,4506.18,Exact,1392.46
P-533172,Drive Prism Sport,0.00,1252.11,Exact,700.74
P-533948,Drive Royale 3,0.00,5809.41,Exact,2701.70
P-533949,Drive Royale 4,0.00,5809.41,Exact,2656.60
P-532747,Drive Sport Rider,0.00,6009.91,Exact,2656.60
P-533849,Drive Sport Rider Mobility Scooter,2228.00,5512.68,Exact,2681.65
P-533332,Drop over  scooter bag,13.95,23.05,Exact,18.05
P-533117,Drop Over Scooter Bag,0.00,23.04,Exact,18.05
P-533104,Dual wheel powerpack Roma Medical,299.00,700.74,Exact,297.74
P-533027,Dual wheel powerstroll Heavy Duty with reverse from Drive,449.00,951.36,Exact,647.61
P-532984,Dual Wheel Powerstroll with Reverse from Drive,365.00,800.99,Exact,526.31
P-533354,Duvet Protector Single,13.90,28.07,Exact,19.03
P-532729,Dycem bottle opener,1.77,5.50,Exact,2.73
P-533347,Dycem jar opener,3.83,8.02,Exact,5.52
P-532728,Dycem non-slip mats,3.81,8.01,Exact,5.87
P-532602,Dyna fork,19.57,30.08,Exact,26.18
P-533452,Dyna-Gel Therapy Ball,4.75,20.04,Exact,10.02
P-533787,Early Activity System,394.88,700.74,Exact,528.08
P-533138,Easi 2 hold drinking cup,3.83,8.02,Exact,5.13
P-532582,Easy Drinking Lid,4.64,12.02,Exact,6.21
P-532791,Easy grip cutlery,4.92,8.02,Exact,6.52
P-533719,Easy hold beaker,6.81,14.04,Exact,10.03
P-533622,Easy rise cushion,23.36,45.10,Exact,30.08
P-533621,Easylift hydraulic portable lifting seat,73.12,150.38,Exact,95.23
P-533116,Easywipe,24.90,36.08,Exact,33.08
P-533967,Eco 3/4 Mobility Scooter Owners Manual,0.00,5.00,Exact,2.00
P-533567,Eco II pressure care cushion,33.65,55.13,Exact,45.11
P-533562,Eco plus pressure care cushion,48.28,85.21,Exact,75.18
P-533932,Economy Bed Pan,7.55,17.03,Exact,7.97
P-532679,Economy jug kettle tipper,7.15,12.02,Exact,9.31
P-533795,Economy Mobile Shower Chair,83.70,157.90,Exact,112.28
P-533528,Economy Over Chair Table,50.90,100.24,Exact,76.19
P-532870,Economy Steel Self Propelled Wheelchair,80.00,249.62,Exact,96.24
P-532624,Economy Steel Transit Whelchair,95.00,249.62,Exact,120.30
P-533281,Edge Corner Shower Stool,39.00,60.14,Exact,56.30
P-533399,Elastic Shoelaces,6.25,13.02,Exact,9.02
P-533799,Elbow Crutches 6-10yrs,23.42,48.12,Exact,33.08
P-532917,Elbow Protectors (pure wool),13.45,25.06,Exact,20.05
P-532930,Electric Mobility 329LE  class 3 Mobility Scooter,1229.00,4506.18,Exact,1884.68
P-533171,Electric Mobility 355XL,0.00,1899.71,Exact,670.67
P-533093,Electric Mobility 388D 4 wheel Deluxe Mobility Scooter,714.00,2681.65,Exact,901.23
P-532911,Electric Mobility 388S 4 Wheel Mobility Scooter from Rascal,658.00,1999.96,Exact,695.73
P-533090,Electric Mobility 388XL 6 mph Mobility Scooter,844.00,2882.15,Exact,1001.48
P-532853,Electric Mobility 600B Rascal Mobility Scooter,1194.00,3002.45,Exact,2154.35
P-533097,Electric Mobility 850 8mph Mobility Scooter,1194.00,3503.69,Exact,1348.35
P-533014,Electric Mobility 889 Mobility Scooter,1579.00,4706.68,Exact,2145.32
P-533858,Electric Mobility Comforter Elite riser-recliner,1004.50,2455.09,Exact,1213.01
P-533837,Electric Mobility Compact 320 Powerchair,1015.00,2304.72,Exact,1572.91
P-533857,Electric Mobility Compass 330 Powerchair,1245.00,2505.21,Exact,1999.96
P-532718,Electric Mobility Cosi Rise and Recline Chairs User Manual,0.00,5.00,Exact,2.00
P-532865,Electric Mobility Liteway 6 Mobility Scooter,1129.00,3433.52,Exact,2003.97
P-533012,Electric Mobility Liteway 8mph mobility scooter,1294.00,3834.52,Exact,1502.73
P-532988,Electric Mobility P200 Powerchair,1029.00,2505.21,Exact,1302.23
P-533836,Electric Mobility P321 Powerchair,729.00,2104.22,Exact,951.36
P-532693,Electric Mobility P327 XL Powerchair,1609.00,3106.71,Exact,1903.72
P-533855,Electric Mobility Rascal 312 Turnabout powerchair,1529.00,3006.46,Exact,1803.47
P-533856,Electric Mobility Rascal P327 Powerchair,1379.00,2705.71,Exact,1602.98
P-533089,Electric Mobility Ultralite 355XL Folding Mobility Scooter,499.00,1899.71,Exact,670.67
P-533842,Electric Mobility Ultralite 765 Powerchair,765.00,2254.60,Exact,992.47
P-532701,Electric Mobility Viva 301 Powerchair,2079.00,4109.19,Exact,2300.71
P-532702,Electric Mobility Wallhugger riser-recliner,729.00,1402.48,Exact,1101.73
P-533609,Elephant feet,15.51,24.06,Exact,20.05
P-533385,Elephant Feet - Chair/bed raisers,15.10,40.09,Exact,26.06
P-533745,Enigma Energi,777.00,1703.22,Exact,887.20
P-532921,Enigma Energi Electric Power Wheelchair,825.00,1603.98,Exact,992.47
P-532879,Enigma Heavy Duty Wide Folding Wheelchair,152.00,269.67,Exact,188.47
P-532924,Enigma K Chair Wheelchair with Suspension,260.00,596.48,Exact,358.90
P-532885,Enigma Lightweight Aluminium Self Propel Wheelchair,105.00,299.74,Exact,126.32
P-533823,Enigma Lightweight Aluminium Transit Wheelchair,100.00,280.70,Exact,143.20
P-532886,Enigma Lightweight Travel WheelChair,100.00,275.68,Exact,110.27
P-533050,Enigma Spirit Lightweight Wheelchair,231.50,499.00,Exact,249.00
P-532914,Enigma XS Aluminium Self Propel Wheelchair,149.00,375.00,Exact,158.99
P-533822,Enigma XS Standard Transit Folding Wheelchair,135.00,420.00,Exact,150.37
P-533127,Enterprise Raised Toilet Seat,98.35,199.49,Exact,140.35
P-532682,Epilepsy Monitor Alert,296.91,440.24,Exact,380.95
P-533634,Ergo Plus Cup,6.50,13.03,Exact,8.52
P-533371,Ergoform Pressure Relief Cushion,34.40,65.16,Exact,55.09
P-533659,Ergonomic Handle Height Adjustable Walking Stick,8.90,20.04,Exact,13.02
P-532908,Ergotech Elbow Crutch,25.50,50.13,Exact,37.08
P-532607,Escape Lite Wheelchair,78.56,245.61,Exact,110.28
P-532575,Escort walking frame,19.40,45.11,Exact,29.06
P-533297,Etac Feed Feeding Aids,13.00,30.07,Exact,18.77
P-532757,Etac Light Angled Spoon,13.50,23.04,Exact,19.49
P-533539,Etac Light Cutlery - Thick Handles,14.00,27.05,Exact,20.21
P-533233,Etac Light Cutlery - Thin Handles,14.00,27.05,Exact,20.21
P-533260,Etac Patient Turner,206.50,500.24,Exact,360.90
P-533523,Etac Step furniture risers,60.50,99.24,Exact,87.21
P-533193,Excel Click and Go Lite Powerpack,299.00,997.47,Exact,551.37
P-533195,Excel Click and Go Lite Powerpack with G5 Wheelchair,554.00,1001.48,Exact,686.71
P-533194,Excel Click and Go Powerpack,599.00,1498.72,Exact,751.87
P-532722,Excel Entice 3 Wheel 8mph Mobility Scooter,1129.00,3804.44,Exact,1602.98
P-533205,Excel Entice 4 Wheel 8mph Mobility Scooter,1129.00,0.00,Exact,1502.73
P-532626,Excel Excite 3 Galaxy Mobility Scooter,1179.00,3002.45,Exact,1703.22
P-532746,Excel Excite 3 Mobility Scooter,1129.00,0.00,Exact,0.00
P-532745,Excel Excite 4 Galaxy Mobility Scooter,1349.00,4004.94,Exact,1803.47
P-533206,Excel Excite 4 Mobility Scooter,1579.00,4506.18,Exact,0.00
P-533187,Excel G-Lite Compact lightweight Transit wheelchair,113.00,299.74,Exact,125.30
P-532574,Excel G-Lite PLUS Ultra Lightweight Transit Wheelchair,127.00,329.82,Exact,125.30
P-533818,Excel G-Lite Self Propel Wheelchair,117.50,299.74,Exact,170.42
P-533188,Excel G2 Self Propel Wheelchair,117.50,299.74,Exact,235.58
P-533815,Excel G2 Transit Steel Wheelchair,117.50,299.74,Exact,235.58
P-533197,Excel G3 Lightweight Paediatric Wheelchair,235.00,500.24,Exact,290.72
P-533518,Excel G5 'Classic' Self Propel Wheelchair,225.00,650.62,Exact,310.78
P-533817,Excel G5 classic Transit Wheelchair,225.00,550.37,Exact,310.78
P-532805,Excel G5 Lightweight Modular Wheelchair,255.00,600.49,Exact,310.78
P-533198,Excel G5 Paediatric Wheelchair,269.00,750.87,Exact,390.98
P-533199,Excel G6 Active Lightweight Wheelchair,257.50,796.98,Exact,441.09
P-533200,Excel G6 Compact Lightweight active Wheelchair,317.50,997.47,Exact,600.49
P-532802,Excel Globetraveller Wheelchair,108.50,255.63,Exact,119.28
P-533207,Excel Navigator 3 Mobility Scooter,1649.00,0.00,Exact,0.00
P-533208,Excel Navigator 4 Mobility Scooter,1649.00,0.00,Exact,0.00
P-533190,Excel Rehab wheelchair/Buggy,649.00,1703.22,Exact,1001.48
P-532513,Excel Sports Active Fixed Frame Wheelchair,270.00,1201.98,Exact,700.74
P-532807,Excel Travelux Mini Power wheelchair,899.00,2004.98,Exact,1598.97
P-533210,Excel X-Power 10 Power Wheelchair,1079.00,2105.22,Exact,1502.73
P-532806,Excel X-Power 30 Power Wheelchair,1129.00,2305.72,Exact,1699.21
P-533209,Excel X-power 5 Foldable Power wheelchair,919.00,2003.97,Exact,1398.47
P-532812,Excel Xeryus Biodynamic Positioning Wheelchair,489.00,1001.48,Exact,790.97
P-532800,Excel Xeryus Comfort Super Lightweight Active Wheelchair,354.00,901.23,Exact,550.37
P-532695,Excel Xeryus Compact Lightweight Foldable Wheelchair,397.50,800.99,Exact,698.74
P-532647,Extra Battery Pk for Prism 3 Mobility Scooter,86.00,175.43,Exact,106.26
P-532986,Extra Battery Pk for Prism 4 Mobility Scooter,86.00,175.43,Exact,106.26
P-532918,Extra Wide Adjustable toilet surround,74.70,127.31,Exact,108.27
P-533738,Extra Wide Perching Stool with Arms & Padded Back,98.30,189.47,Exact,126.31
P-533013,Extra Wide Wall Mounted Shower Seat,385.45,700.74,Exact,501.23
P-532710,Fall-Out Mat,67.24,115.27,Exact,86.21
P-533683,Family and friends auto dialling panic alarm,93.69,157.39,Exact,124.31
P-532954,Fast Fit Deluxe Sling,56.75,153.38,Exact,90.23
P-533142,Fast fit Sling,49.75,98.24,Exact,72.18
P-533540,Feed Dose Mug,11.60,20.04,Exact,16.74
P-533737,Feeder cup with handles,3.56,10.02,Exact,6.02
P-533727,Feeding beaker and lids,5.16,9.02,Exact,7.01
P-533179,Female Fixation Briefs,9.70,20.04,Exact,13.02
P-532739,Female Urinal,11.10,25.05,Exact,20.04
P-532919,Female Urinal,6.75,16.03,Exact,6.01
P-533272,Female Urine Bottle,8.90,16.03,Exact,11.45
P-532521,Fibreglass folding threshold ramp,270.29,501.24,Exact,330.83
P-533587,Fibreglass threshold ramp,75.36,125.31,Exact,95.23
P-533506,Fix Preparation Board,41.50,74.19,Exact,60.14
P-533099,Fixed Reacher lightweight Aluminium,6.30,20.04,Exact,13.54
P-533698,Flamingo Bathing/Toilet Chair,824.00,0.00,%,0.00
P-533490,Fleece Cushion,15.95,35.08,Exact,35.07
P-532929,Fleece cushion cover,10.45,20.05,Exact,15.02
P-533350,Fleece neck support,21.19,35.08,Exact,28.07
P-533263,Fleece Seat Pad,0.00,15.19,%,0.00
P-533447,Fleece seat pad (pure wool),14.95,25.06,Exact,22.06
P-533524,Fleece Slippers (pure wool),15.45,28.07,Exact,23.05
P-533501,Flexi Grip,34.50,55.13,Exact,49.80
P-533424,Flexi Move,73.50,185.46,Exact,125.31
P-532652,Floating Bath Thermometer,15.11,23.05,Exact,20.05
P-533610,Floor Sitter,52.61,83.20,Exact,70.18
P-533781,Fold Away grab rail with leg support,32.20,80.19,Exact,65.16
P-533668,Folding A4 magnifier and stand,18.29,35.08,Exact,25.06
P-533024,Folding Bath/Shower stool,22.37,35.07,Exact,33.57
P-533598,Folding comfort footrest,75.36,143.85,Exact,99.24
P-533275,Folding Commode,31.50,65.16,Exact,46.11
P-532962,Folding Ergonomic Handle walking stick,11.50,20.04,Exact,11.01
P-532990,Folding lightweight aluminium height adj walker,25.00,52.13,Exact,36.09
P-533045,Folding lightweight aluminium tri-walker,40.00,100.20,Exact,60.15
P-533464,Folding Reacher,8.40,17.04,Exact,13.02
P-533006,Folding Reacher 32,9.21,19.54,Exact,14.03
P-533100,Folding reacher/grabber lightweight aluminium,9.21,19.54,Exact,13.03
P-533331,Folding Shower Chair,64.53,105.25,Exact,86.22
P-533096,Folding steel Tri-walker,33.00,90.22,Exact,43.29
P-533650,Folding Stick Seat,41.25,66.01,Exact,53.13
P-533653,Folding Tripod Stick,31.75,50.12,Exact,46.12
P-533047,Folding Walking Frame,21.00,40.09,Exact,25.05
P-533301,Folding Walking Stick,11.75,20.04,Exact,11.01
P-532577,folding wool seat pad,19.95,35.08,Exact,29.07
P-533384,Food Guard,5.50,13.02,Exact,8.01
P-533531,Foot Board (synthetic Fleece),22.95,35.08,Exact,31.07
P-533330,Foot Stool,38.50,60.14,Exact,55.58
P-533638,forearm walker,100.20,199.49,Exact,129.32
P-533810,Foria Folding Walking Frame,21.50,60.15,Exact,36.08
P-532966,Freedom Carrier - Mobility Scooter trailer!,143.00,275.68,%,33.00
P-532515,Freerider Kensington,0.00,3904.69,Exact,1302.23
P-533078,Freerider Kensington S2 Mobility Scooter,1080.00,2701.70,Exact,1483.68
P-532548,Freerider Mayfair 4,0.00,999.00,Exact,765.00
P-533417,Fresh Bath Board With Handle,28.50,50.12,Exact,41.10
P-533376,Frisco Wall Hugger Rise and Recline chair,489.00,1001.48,Exact,650.62
P-533485,Full Page Magnifier,7.00,13.02,Exact,10.02
P-533300,Fully Reclining Wheelchair,219.45,570.42,Exact,320.79
P-532844,Furniture raisers,23.78,43.09,Exact,36.68
P-532784,Gents Comfort Booties,11.50,30.07,Exact,20.05
P-532512,Gents Washable Slippers,11.50,30.07,Exact,20.05
P-533018,Geo Micro Powerchair from Drive,755.00,2103.22,Exact,1102.74
P-533344,Good Grips Button Hook,8.20,19.03,Exact,11.01
P-532601,Good grips coated cutlery,7.74,15.53,Exact,11.94
P-532600,Good grips cutlery,4.97,9.01,Exact,7.67
P-532816,Good Grips Dessert Spoon,9.05,17.03,Exact,13.02
P-532831,Good Grips Fork,9.05,16.03,Exact,13.02
P-532981,Good grips jar opener,7.30,19.03,Exact,9.01
P-533750,Good grips peeler,6.27,13.02,Exact,8.02
P-533749,Good grips potato masher,15.78,25.06,Exact,20.05
P-532819,Good Grips Rocker Knife,9.40,17.03,Exact,14.03
P-532818,Good Grips Teaspoon,9.05,17.03,Exact,13.02
P-533451,Good Grips Y Peeler,6.45,16.03,Exact,9.02
P-533062,Grab Rail - 30.5cm12inch and 46cm12inch,9.63,14.03,Exact,11.52
P-533576,Grab rails,5.20,12.03,Exact,10.02
P-533010,Grey Swivel Seat cushion,14.47,24.54,Exact,19.54
P-533284,Gripware Round Scoop Dish,8.60,16.03,Exact,11.02
P-532573,Hand splint,20.52,35.08,Exact,26.07
P-533667,Hands free magnifier and light,9.88,20.45,Exact,13.03
P-533443,Handy Bar,24.00,45.11,Exact,28.13
P-532822,Handy Grabber 26'',8.45,16.03,Exact,12.03
P-532528,Handy pillowlift,442.00,801.98,Exact,681.69
P-533652,Handy tray,10.60,22.06,Exact,15.03
P-533908,Handy Trolley,32.50,63.15,Exact,40.09
P-533398,Handycup,9.90,20.04,Exact,13.02
P-533144,Harley 'V' Pillow,15.20,40.09,Exact,25.05
P-533145,Harley 'V' Pillowcase,9.20,23.04,Exact,13.02
P-533248,Harley 11 degree Coccyx Wedge,14.40,30.07,Exact,26.07
P-533141,Harley Bed Relaxer,28.40,48.12,Exact,33.42
P-533467,Harley Designer Back Support,29.90,47.10,Exact,40.09
P-532823,Harley Designer Pillow,34.90,55.12,Exact,46.11
P-533394,Harley Designer Plus Pillow,38.90,70.17,Exact,55.12
P-533461,Harley Designer Wedge,24.70,42.10,Exact,37.08
P-533345,Harley Lumbar Roll,9.90,25.05,Exact,17.03
P-533392,Harley Mattress Tilter,24.90,39.08,Exact,33.07
P-533415,Harley Original Car/Low back Support,22.20,39.08,Exact,31.59
P-533154,Harley Original Knee Support,16.90,40.09,Exact,27.05
P-533395,Harley Original Pillow,26.90,44.10,Exact,40.60
P-533911,Havana,0.00,299.74,%,0.00
P-533620,Health care plus cup,4.92,9.01,Exact,7.53
P-533662,Healthguard vinyl gloves,4.92,10.02,Exact,7.53
P-532961,Healthy & Beautiful,0.00,0.00,%,0.00
P-532766,Hearing Aids,0.00,0.00,%,0.00
P-533060,Heavy duty commode chair,57.03,83.19,Exact,75.81
P-533641,Heavy Duty Crook Handle Walking Stick,15.50,26.06,Exact,18.04
P-533063,Heavy Duty Self Propelled Wheelchair,156.45,481.18,Exact,277.69
P-533797,Heavy Duty Stationary Shower Chair,104.70,169.42,Exact,135.33
P-533617,Heavy Duty Storage cover,26.25,50.13,Exact,40.10
P-533826,Heavy Duty Transit Wheelchair,194.25,447.11,Exact,280.70
P-533059,Heavy duty U Shaped Shower or Bath Seat,27.11,42.59,Exact,39.08
P-532959,Heavy Duty Walker Rollator,80.00,157.90,Exact,105.26
P-533064,Heavy Duty Wide Folding Wheelchair,165.00,399.99,Exact,195.48
P-532858,Heavy-Duty self Propelled wheelchair,249.18,481.18,Exact,358.90
P-533522,Heel protectors (pure wool),13.45,25.06,Exact,20.05
P-533053,Height Adjustable Folding Aluminium Cane,11.50,20.04,Exact,11.01
P-533061,Height Adjustable Resting Chair,31.21,52.61,Exact,43.09
P-532606,Height Adjustable Round Shower Stool,17.50,45.11,Exact,30.07
P-533933,Height adjustable Toilet surround,21.50,40.09,Exact,30.07
P-532648,High Back Fireside Chair with Wings,137.00,290.73,Exact,190.48
P-533939,High Vision Crutch Walking Stick Bag,0.00,50.12,%,33.99
P-532671,High Vision Reading Light (Flat Flex),28.50,70.17,Exact,40.10
P-533456,Hip Pad (pure wool),14.45,28.07,Exact,20.05
P-533322,Hold it book holder,133.79,250.63,Exact,179.44
P-532932,Holiday Accommodation,0.00,0.00,%,0.00
P-533101,Holiday Apartment Rental Hire,0.00,0.00,%,0.00
P-533238,Holiday Home Insurance,0.00,0.00,%,0.00
P-533075,Holiday Villa Rental,0.00,0.00,%,0.00
P-533644,Home helper trolley,40.15,70.17,Exact,54.14
P-533691,Home safety alert,33.38,55.12,Exact,43.10
P-532608,Houston Rise and Recline Chair,350.00,851.11,Exact,470.17
P-533420,Image EC Powerchair,965.00,3002.45,Exact,1202.99
P-533907,In Car Charger for your Mobility Scooter,42.50,100.24,Exact,70.17
P-533476,Inco sheet,36.50,72.18,Exact,52.69
P-532643,Incontinence Alert,262.86,388.97,Exact,340.85
P-533360,Incontinence Wipes,5.20,12.02,Exact,7.00
P-532793,Inflatable Bath Pillow,3.75,27.05,Exact,12.02
P-532655,Inflatable Bath Seat,6.09,29.06,Exact,15.02
P-533011,Inflatable Neck Pillow,6.26,12.73,Exact,8.21
P-532899,Inflatable PVC Comfort Ring,6.53,8.22,%,0.00
P-533393,Inflatable Rubber Ring,10.90,20.05,Exact,14.03
P-533824,Infrared Massage Hair Brush,9.52,20.05,Exact,13.03
P-533805,Instant heat pads,4.64,11.01,Exact,7.42
P-533732,Insulated cup and top,12.18,17.03,Exact,11.06
P-532765,Invacare Etude Basic Adjustable Bed,607.50,1001.48,Exact,816.03
P-533310,Invacare Etude Classic Extra Low Adjustable Bed,926.25,1502.73,Exact,1244.09
P-532717,Invacare Etude Medley Low Bed,400.00,800.99,Exact,537.33
P-532901,Invacare Finesse Soft Toilet Seat Raiser,33.50,70.17,Exact,49.11
P-533897,Invacare Flo-tech Contour cushion,0.00,0.00,%,0.00
P-533896,Invacare Flo-tech Lite Cushion,0.00,0.00,%,0.00
P-532503,Invacare Octave Bariatric Adjustable Bed,3105.00,4710.69,Exact,4160.33
P-532716,Invacare Orca Bathlift Transport Bag,18.75,30.07,Exact,25.06
P-533902,Invacare orca fastfit Pommel,46.25,80.19,Exact,75.18
P-533336,Invacare Orca Height Adaptors,9.95,20.04,Exact,15.02
P-533888,Invacare orca Reclining Bathlift,136.00,399.99,Exact,179.43
P-533901,Invacare Orca Refresh Kit,27.00,50.12,Exact,40.10
P-533559,Invacare Orca XL Reclining Backrest Bathlift,247.50,551.37,Exact,249.62
P-533995,Invacare SB755 Adjustable Bed,1305.00,1904.73,Exact,1754.36
P-533423,Jacquard velvet cushion cover,11.45,22.06,Exact,18.05
P-533526,Jar opener,5.70,13.02,Exact,9.53
P-533519,Jar Pop Key,5.75,13.02,Exact,7.71
P-533020,Jazzy Select Electric Wheelchair from Pride,856.00,3307.20,Exact,1253.11
P-532883,Jubilee Fireside Chair,189.00,359.89,Exact,269.67
P-533581,Jug or kettle tipper,10.75,19.03,Exact,17.55
P-533439,Julian Slippers,16.45,28.07,Exact,25.05
P-533703,Jumbo tv remote control,19.53,35.08,Exact,25.06
P-533791,Junior Caring Cutlery,5.62,10.02,Exact,7.53
P-533313,Junior Executive Canopy,0.00,486.21,%,0.00
P-533256,Junior Rota Cushion,43.00,70.17,Exact,60.14
P-533034,Junior Self Propelling Wheelchair from Roma,155.00,315.78,Exact,220.55
P-532520,Kaboost portable chair raiser,25.36,50.13,Exact,34.09
P-532502,Karma Atigra Powerchair,0.00,0.00,%,0.00
P-532504,Karma Ergo Stand Powerchair,2690.00,4335.76,Exact,3859.58
P-533866,Karma Falcon Powerchair,1094.00,2704.72,Exact,1579.28
P-533889,Karma Traveller 2 Powerchair,1044.00,1902.73,Exact,1507.10
P-533611,Kaye Adjustable Bench,199.88,319.79,Exact,265.66
P-532654,Kaye Posture System,216.13,290.73,Exact,275.68
P-533728,Keep warm dish,8.33,19.03,Exact,11.15
P-533614,Kendal Mac,22.39,42.11,Exact,34.09
P-533721,Kennedy cup,6.81,13.02,Exact,9.10
P-533775,Kenwood power pierce tin opener,19.49,31.57,Exact,26.07
P-533488,Key Turner 111,6.05,13.02,Exact,8.47
P-533642,Kidney overchair table,116.45,210.53,Exact,150.38
P-532783,KidSert Cushion Insert,48.28,80.20,Exact,62.16
P-533854,Kite 3 Mobility Scooter,361.00,1903.72,Exact,500.24
P-532494,Kite 4 Mobility Scooter,381.00,1201.98,Exact,461.13
P-532644,Kite Mobility Scooter Owners Manual,0.00,5.00,Exact,2.00
P-533570,Kittiwake Cape,15.89,26.07,Exact,24.06
P-533632,Knightsbridge Wheelchair  Bag,4.72,20.04,Exact,15.02
P-533743,Knork,6.49,15.03,Exact,9.01
P-532755,Komfi-Rider 6000 Deluxe Mobility Scooter,905.00,0.00,%,0.00
P-532922,Komfi-Rider Lion Powerchair,944.00,0.00,%,0.00
P-532662,Komfi-Rider PW1800 Power Wheelchair,850.00,0.00,%,0.00
P-532736,Komfi-Rider Tiger Powerchair,944.00,0.00,%,0.00
P-533215,Kool Kaddy,0.00,299.74,Exact,199.49
P-532493,Lacing Bugs,26.53,40.10,Exact,34.09
P-532506,Ladies Patterned Booties Slippers,11.00,30.07,Exact,20.05
P-532659,Ladies Patterned Slippers,11.00,30.07,Exact,20.05
P-532691,Landlex Super Gazelle,2690.00,6009.91,Exact,4004.94
P-533840,Langham Half Step,42.50,70.17,Exact,54.84
P-533286,Langham Platform Bathstep,24.25,40.09,Exact,35.08
P-533482,Lapwrap,0.00,21.04,%,0.00
P-533630,Large Font Keyboard,33.65,60.15,Exact,48.12
P-532754,Large handle mug,6.00,10.02,Exact,7.73
P-533988,Lars And Sven Rise and Recline Owners Manual,0.00,5.00,Exact,2.00
P-532849,Lars Dual Motor Rise and Recline Chair,509.00,1302.23,Exact,600.49
P-532835,Lars Luxury Leather (Dual),0.00,1401.48,Exact,600.49
P-532834,Lars Luxury Leather (Single),0.00,466.16,%,0.00
P-532703,Lars Rise and Recline Armchair,409.00,1101.73,Exact,530.32
P-532945,Leatherette Crutch Walking Stick Bag,0.00,60.14,%,30.99
P-533589,Leg lifter,7.40,11.54,Exact,10.03
P-533022,Lets go Rollator from Drive WA016,75.50,210.53,Exact,110.28
P-533551,Light Pod,35.06,80.19,Exact,50.13
P-533072,Lightweight Aluminium Rollator with bag,45.50,115.28,Exact,65.16
P-532970,Lightweight Folding Aluminium Transit Wheelchair Easy Use Brakes,80.00,210.53,Exact,120.30
P-532969,Lightweight Folding Aluminium Transit Wheelchair.,78.00,250.63,Exact,95.23
P-533033,Lightweight Paediatric Self Propell Wheelchair,245.00,476.18,Exact,349.87
P-533909,Lightweight Powerstroll & Silver sport wheelchair Combo offer,295.00,600.49,Exact,395.98
P-532852,Lightweight Powerstroll & Superior Steel Wheelchair ~OFFER~,335.00,700.74,Exact,447.11
P-532960,Lightweight Powerstroll & Xs Wheelchair ~SPECIAL OFFER~,370.00,700.74,Exact,496.23
P-532882,Lightweight Powerstroll - Wheelchair Power Pack single wheel,230.00,500.24,Exact,315.78
P-533541,Lightweight Sock,11.20,20.05,Exact,15.03
P-532609,Lightweight travel chair,161.95,280.70,Exact,150.37
P-532976,Lightweight Tri Walker - Drive,39.00,105.26,Exact,50.12
P-532690,Link Lightweight Self Propel Wheelchair f,147.00,438.08,Exact,200.49
P-533976,Liteway 3 & 4 mobility scooter owners manual,0.00,5.00,Exact,2.00
P-533092,Liteway 3 Mini Mobility Scooter from Rascal,542.00,2100.21,Exact,1001.48
P-533977,Liteway 6 & 8 Mobility Scooter Owners Manual,0.00,5.00,Exact,2.00
P-533966,Liteway Balance/Plus Mobility Scooter Owners Manual,0.00,5.00,Exact,2.00
P-532740,Long Handled Bath Sponge,7.29,19.03,Exact,10.53
P-533247,Long Handled Toe Nail Scissors,7.70,20.04,Exact,10.02
P-533692,Low blood sugar wrist alarm,86.19,150.38,Exact,115.28
P-532809,Luggie Foldable Portable Mobility Scooter,980.00,2501.20,Exact,1899.71
P-533240,Luxury Height Adjustable Commode,16.50,149.37,Exact,49.12
P-533972,Lyon S146 Mobility Scooter Owners Manual,0.00,5.00,Exact,2.00
P-532756,M48GT Mobility Scooter Owners Manual,0.00,5.00,Exact,2.00
P-533340,Magic Power Ball,17.78,35.08,Exact,23.78
P-532656,Magiplug Bath/Basin Plug,7.35,16.04,Exact,9.83
P-533833,Malaga Powerchair from Roma,1039.00,2805.96,Exact,1232.06
P-533953,Male Urinal,6.75,16.03,Exact,5.01
P-532892,Male Urinal with lid,8.30,9.01,Exact,5.46
P-532510,Manatee Bathing Chair,0.00,0.00,%,0.00
P-533725,Manoy sloped plates,6.27,10.03,Exact,8.38
P-532877,Manual Telescopic Wheelchair Ramp,90.00,199.49,Exact,120.30
P-533192,Marbella Powerchair from Roma Medical,939.00,2400.96,Exact,1256.12
P-533922,Marlborough,0.00,1201.98,Exact,421.04
P-533106,Martin Heavy Duty Bariatric Self Propel wheelchair from Karma,350.00,551.37,Exact,485.20
P-532904,Martin Heavy Duty Transit Wheelchair from Karma,350.00,551.37,Exact,485.20
P-532570,Matchett Support System - Caspian,232.38,360.89,Exact,310.78
P-533159,Matchett Support System - Diana,160.80,250.63,Exact,230.58
P-533546,Matchett Support System - Gustav,284.38,501.24,Exact,380.95
P-532780,Matchett Support System - Hazel,67.24,115.28,Exact,90.22
P-532781,Matchett Support System - Leanne,113.21,174.61,Exact,160.39
P-533746,Matchett Support System - Mini Eileen,124.04,215.53,Exact,170.43
P-533353,Mattress Protector Double,14.25,23.04,Exact,19.03
P-533352,Mattress Protector Single,11.75,20.04,Exact,16.03
P-532599,Mattress Topper Single or Double,31.95,55.13,Exact,45.11
P-532578,Mattress Toppers (memory foam) single or Double,54.95,85.21,Exact,74.19
P-532696,Maxi Absorb discreet incontinence pull ups,10.62,16.03,Exact,14.52
P-533903,Maxi Absorb discreet incontinence shaped pads,8.30,15.02,Exact,11.52
P-532674,Maxi Absorb Feel Dry incontinence  All in Ones,12.99,20.04,Exact,15.75
P-533904,Maxi Absorb incontinence Bed Pads,9.66,15.02,Exact,12.02
P-532673,Maxi Absorb incontinence Large Shaped Pads,9.59,15.02,Exact,11.62
P-533378,Mayfair 4 Scooter,625.00,2004.98,Exact,781.94
P-533495,Medeci system cup tops and spout,3.56,6.02,Exact,5.01
P-533717,Medeci system cups,6.81,14.04,Exact,10.03
P-533720,Medeci system plates,6.81,14.04,Exact,10.03
P-533681,Mem-x memory aid pendant,140.29,300.74,Exact,187.61
P-533710,Memo minder,22.82,40.10,Exact,30.51
P-532523,Memory Cushion,28.95,90.18,Exact,45.06
P-533669,Memory plus amplified telephone,45.78,75.18,Exact,61.15
P-533320,Menu Portioned Plate,17.40,39.08,Exact,23.05
P-532896,Mercury M48GT Mobility Scooter Lowest Price,1977.00,6009.91,Exact,2380.91
P-533073,Mercury Neo 4 Mid Size Mobility Scooter,613.00,1899.71,Exact,680.69
P-533074,Mercury Neo 6 Mid Size Mobility Scooter,0.00,2200.46,Exact,813.01
P-533055,Mercury Neo 8 Mobility Scooter,951.00,3804.44,Exact,1071.66
P-533535,Mercury Oxygen Bottle Holder (Central),32.50,79.19,Exact,46.91
P-532751,Mercury Prism 3 Mini Mobility Scooter,428.00,1298.22,Exact,450.12
P-532913,Mercury Prism 4 Mini Mobility Scooter,465.00,1398.47,Exact,541.34
P-533765,Mercury Prism Mobility Scooter Owners Manuals,0.00,5.00,Exact,2.00
P-533377,Mercury Prism Sport Mobility Scooter,547.00,2305.72,Exact,670.67
P-533076,Mercury Regatta 6 Mobility Scooter,1205.00,3303.19,Exact,1630.05
P-532927,Mercury Regatta 8mph Mobility Scooter,1031.00,4506.18,Exact,1352.36
P-533534,Mercury Walker Holder,32.50,70.18,Exact,46.91
P-533536,Mercury Walking Cane Holder,30.50,69.17,Exact,45.11
P-533269,Metal Crutch Walking Stick Holders,0.00,49.11,%,30.99
P-533538,Metal crutch/walking stick holders,24.13,49.12,Exact,36.09
P-533578,Metal half step,68.86,129.32,Exact,85.21
P-532495,Metal rear scooter basket,25.95,40.10,Exact,35.08
P-532496,Metal rear scooter basket bag,16.95,27.06,Exact,23.05
P-532497,Metal rear scooter basket bag duo,35.95,58.15,Exact,49.12
P-533537,Metal side extension bar,9.95,25.06,Exact,15.03
P-532628,Miami Rise and Recline Chair,449.00,1151.86,Exact,580.44
P-533312,Mini Deluxe Scooter Storage Cover,0.00,46.11,%,36.99
P-532677,Mini lightweight kettle,21.19,35.07,Exact,30.07
P-533875,Mini Mobility Bag,0.00,33.07,Exact,22.05
P-533515,Mini Mobility bag_old,18.95,32.08,Exact,26.07
P-533401,Mini Mobility Bag_old1,18.95,32.08,Exact,26.07
P-533007,Mini Pedal Exerciser,16.58,33.07,%,18.99
P-532666,Mobile Commode with detachable arms,64.00,169.42,Exact,93.22
P-533547,Mobile shower chair with Detachable Arms,79.50,180.44,Exact,130.33
P-533118,Mobility Bag,0.00,39.08,%,28.99
P-533262,Mobility Fleece,0.00,39.08,%,23.99
P-532975,Mobility Holiday Hire,0.00,0.00,%,0.00
P-532507,Mobility poncho (3 in 1),30.95,50.13,Exact,42.11
P-533510,Mobility Poncho (unlined),19.45,30.08,Exact,26.07
P-533512,Mobility poncho sleeved,23.45,40.10,Exact,32.08
P-533513,Mobility poncho sleeved (3in1),34.95,58.15,Exact,48.12
P-533242,Mobility Poncho Sleeved Unlined,0.00,39.08,%,0.00
P-533421,Mobility Poncho Unsleeved Unlined,0.00,23.04,%,0.00
P-533244,Mobility Scooter 2amp Charger,0.00,38.09,%,0.00
P-533245,Mobility Scooter 5amp Charger,0.00,60.14,%,0.00
P-533246,Mobility Scooter 8amp Charger,0.00,112.27,%,0.00
P-533213,Mobility Scooter Alarm,0.00,22.05,%,0.00
P-533222,Mobility Scooter and Powerchair Immobiliser,0.00,10.02,%,0.00
P-533807,Mobility Scooter Annual Service,60.00,99.24,%,0.00
P-533016,Mobility Scooter Cape,28.50,59.14,Exact,45.11
P-533196,Mobility Scooter Charger,33.08,79.19,Exact,50.12
P-533115,Mobility Scooter Hire Costa del Sol,0.00,80.20,Exact,60.15
P-533868,Mobility Scooter In Car Chargaer,0.00,135.32,%,0.00
P-533216,Mobility Scooter Liquid Puncture Sealant,0.00,13.02,%,0.00
P-533220,Mobility Scooter Liquid Puncture Sealant 25 Litre Drum,0.00,170.42,%,0.00
P-533221,Mobility Scooter Puncture Sealant Pump,0.00,70.17,%,0.00
P-533214,Mobility Scooter Tiller Security Bag,0.00,25.05,Exact,10.02
P-533243,Mobility Scooter USA  2amp Charger,0.00,14.03,Exact,10.02
P-532731,Monami Mobility Scooter Owners Manual,0.00,5.00,Exact,2.00
P-532612,Monte Carlo Mobility Scooter Owners Manual,0.00,5.00,Exact,2.00
P-533386,Moulded Fluted Grab Rails,7.55,20.04,Exact,10.02
P-532776,Mountway Aquila Bath lift,224.50,500.24,Exact,328.82
P-533772,Movin'sit Cushion - Junior,19.03,33.07,Exact,24.06
P-533651,MP5 Seizure Monitor For Children,209.99,349.87,Exact,295.73
P-533466,Multi Grip,5.45,11.01,Exact,8.01
P-533812,Multi-Mover Plus Slide Sheet Multi Pack,48.00,80.19,Exact,70.17
P-533793,Multi-purpose kettle tipper,23.47,49.12,Exact,35.08
P-533879,Multipurpose Carrier,0.00,99.23,Exact,69.16
P-533270,Multipurpose Carrier With Wheel Pack,0.00,200.49,Exact,118.29
P-532637,Multipurpose Carrier_old,50.95,85.21,Exact,76.19
P-533015,Multipurpose Mobility Bag,23.45,45.11,Exact,35.08
P-532915,Narrow self -propelled wheelchair,109.20,339.83,Exact,176.44
P-532916,Narrow Transit Wheelchair,115.50,369.92,Exact,161.40
P-532517,Narrow Walking Frame,20.00,40.10,Exact,30.07
P-533341,Natural Wheat Wrap,11.90,22.06,Exact,18.04
P-533472,Neck Cushion (memory foam),15.45,27.06,Exact,24.06
P-533530,Neck Cushion (synthetic fleece),13.45,25.06,Exact,22.06
P-533529,Neck-Eze Pillow,5.55,10.02,Exact,7.51
P-532566,Nelson knife,9.52,19.03,Exact,14.04
P-532680,Neo Mobility Scooter Owners User Manual,0.00,5.00,Exact,2.00
P-533151,Neoprene Back Support,15.95,40.09,Exact,15.99
P-533152,Neoprene Lumbar Sacral Support,23.95,48.11,Exact,24.01
P-532871,Neptune Bathlift,205.00,596.48,Exact,299.74
P-533403,Net Bag,9.45,22.06,Exact,14.04
P-533361,Neutral Detergent Wipes,4.75,10.02,Exact,6.52
P-532837,Nevada,0.00,1001.48,Exact,469.16
P-532838,Nevada Anti-Microbial PVC,0.00,1192.97,Exact,550.37
P-532836,Nevada Petite,0.00,1001.48,Exact,469.16
P-533442,Nevada rise and recline chair,389.00,1001.48,Exact,469.16
P-532544,New 2 Year Warranty,0.00,105.26,%,0.00
P-532545,New 3 Year Warranty,0.00,189.47,%,0.00
P-532546,New 4 Year Warranty,0.00,275.68,%,0.00
P-532547,New 5 Year Warranty,0.00,369.92,%,0.00
P-533963,NEW Dallas Rise and Recline Chair,379.00,1001.48,Exact,547.35
P-532952,New Heavy Duty Powerstroll from Drive,365.00,800.99,Exact,500.24
P-533397,NEW Indiana Rise and Recline Chair,329.00,901.23,Exact,481.19
P-533671,NEW Memphis Rise and Recline Chair,419.00,1101.73,%,0.00
P-533962,New Oakland Rise and Recline Chair,449.00,1017.52,Exact,648.60
P-533843,New Vivo Travel Mobility Scooter,705.00,1989.94,%,0.00
P-532771,New XS2 Lightweight Wheelchair,156.50,399.99,Exact,265.66
P-533646,Newel grab rails,8.98,16.04,Exact,14.04
P-533704,Night light with motion sensor,15.78,33.08,Exact,21.04
P-533042,Nimbo Lightweight Posterior Posture Walker,85.00,150.37,Exact,120.29
P-533426,No Rinse Bathing Wipes,0.00,0.00,%,0.00
P-533235,No Rinse Body Wash,2.08,6.01,Exact,2.99
P-533234,No Rinse Hair Conditioner,1.99,5.00,Exact,2.96
P-533960,No Rinse Shampoo,1.99,5.00,Exact,2.96
P-533961,No Rinse Shampoo Cap,2.34,5.97,Exact,4.51
P-533387,Nodular Ring Cushion,14.90,27.06,Exact,21.04
P-533631,Non Drip Spouted Lid,4.92,12.03,Exact,7.01
P-532530,Non Slip Bath Step,21.50,35.08,Exact,30.08
P-533438,Norma Slippers,16.45,35.08,Exact,26.07
P-533463,Nose cut out beaker,5.60,12.02,Exact,8.02
P-533249,Nuvo Bath Lift,243.21,451.12,Exact,295.73
P-532651,Oakham High back Chair,95.00,199.49,Exact,144.36
P-533792,Ocean Shower and Commode Chair,209.00,380.95,Exact,310.78
P-533231,Oedema Sock,9.95,20.05,Exact,15.55
P-533557,One Handed Electric Can opener,19.10,37.08,Exact,25.06
P-533755,One handed tin opener,17.40,25.06,Exact,23.05
P-532571,One Way Briefs Female,12.55,23.04,Exact,16.54
P-532829,One Way Briefs Male,14.90,27.05,Exact,20.04
P-532572,One way drinking straws,4.64,14.04,Exact,9.01
P-533494,Optima L toilet drop down rail,42.50,64.16,Exact,61.36
P-533998,Orca Bath Tub,0.00,0.00,%,0.00
P-533035,Otter Bathing System from Drive,83.00,111.27,%,0.00
P-532525,Our Comfy Standard Cushion,14.95,27.06,Exact,23.05
P-533577,Outdoor grab rail,7.35,13.03,Exact,12.03
P-532723,Over 50's Health Insurance,0.00,0.00,%,0.00
P-533237,Over 50's Home Insurance,0.00,0.00,%,0.00
P-533951,Over 50's Life Insurance,0.00,0.00,%,0.00
P-533828,Over 50's Travel Insurance,0.00,0.00,%,0.00
P-533675,Over Armchair Table,57.40,156.38,Exact,106.26
P-532875,Overbed Table 4 Castors,17.00,59.14,Exact,30.07
P-532876,Overbed/Chair Table Divan,15.00,54.14,Exact,26.06
P-533595,Overchair table,78.08,140.35,Exact,105.26
P-532615,Oxford,0.00,450.12,%,0.00
P-533876,Oxygen Bag,0.00,40.09,%,24.99
P-533408,Oxygen Bag_old,19.95,37.09,Exact,32.08
P-532587,padded back support cushion,19.95,35.08,Exact,30.08
P-533532,Padded toilet seat,10.70,35.07,Exact,14.62
P-533696,Padded Toilet Seat and Ring Reducer,104.99,220.54,Exact,149.37
P-533001,Pain Relief with Painease,0.00,0.00,%,0.00
P-533564,Panda Power Mac,18.60,35.08,Exact,28.07
P-533685,Patient Helper,85.85,141.34,Exact,115.28
P-533811,Patient Multi-Mover Plus Slide Sheets,17.00,23.04,%,0.00
P-533380,Pedal Exerciser,20.90,39.09,Exact,27.05
P-533679,Pen gripper,3.34,9.01,Exact,5.01
P-533999,Penguin Bath Support,0.00,0.00,%,0.00
P-533741,Penguin Bathing Support,233.33,401.00,Exact,333.83
P-533031,Permanent GE Key Safe,32.70,45.10,Exact,40.09
P-532782,Personal ECG Heart Monitor,115.18,300.74,Exact,199.49
P-533606,Petit Enuresis Alarm,55.24,90.23,Exact,79.74
P-533670,Phone easy telephone,20.69,40.10,Exact,30.08
P-533802,Pill box reminder,6.27,14.03,Exact,9.02
P-533402,Pill Crusher,5.20,11.01,Exact,7.37
P-532826,Pill Splitter,5.40,11.01,Exact,8.22
P-533355,Pillowcase Protector,5.40,11.01,Exact,9.01
P-532688,Pioneer Midi Mobility Scooter Owners Manual,0.00,5.00,Exact,2.00
P-533794,Plastic Coated Spoons,6.27,14.39,Exact,9.02
P-532830,Plastic Shoe Horn with Hook,4.25,15.03,Exact,8.01
P-533730,Plate surround,3.56,11.02,Exact,7.53
P-532603,Plate Vital,21.19,43.09,Exact,31.07
P-533333,Plug mates,5.19,11.01,Exact,7.01
P-532850,Plug pulls,4.51,10.02,Exact,6.52
P-533326,Plug tugs,4.37,10.02,Exact,5.84
P-533462,Plug Tugs,5.10,15.03,Exact,7.00
P-533586,Plymouth Power Mac,17.21,35.08,Exact,27.05
P-532792,Popular Mobility Scooter Hire Costa del Sol Spain,60.00,80.20,Exact,60.15
P-532808,Portaramp Channel Ramp,255.00,500.24,Exact,345.86
P-532803,Portaramp Door Wedge Ramp,110.00,199.49,Exact,154.39
P-533163,Portaramp House/Flat Panel Ramp,120.00,399.99,Exact,165.41
P-532813,Portaramp Overcill Ramp,145.00,299.74,Exact,200.50
P-533162,Portaramp Scooter Ramp,305.00,600.49,Exact,416.03
P-533161,Portaramp Travel Ramp,115.00,199.49,Exact,155.38
P-532801,PortarampTrio Ramp,160.00,399.99,Exact,215.53
P-533544,Posture Rolls,51.61,90.23,Exact,69.02
P-533279,Posturerex - Multiway Cushion,0.00,24.86,%,0.00
P-533258,Posturetex cushion,18.45,35.08,Exact,28.07
P-532634,Posturetex Plus Cushion,21.95,42.11,Exact,35.08
P-533882,Power Cape,0.00,40.09,%,0.00
P-533484,Power Cape_old,28.45,55.13,Exact,45.11
P-533155,Powerstroll Dual wheel with reverse & Lightweight Wheelchair,500.00,1001.48,Exact,721.79
P-532993,Premier Care In home Warranty Curved Stairlift,0.00,195.48,Exact,0.00
P-532992,Premier Care In Home Warranty Straight Stairlift,0.00,125.31,Exact,0.00
P-533474,Premier Care Manual Wheelchair Insurance,0.00,20.05,%,0.00
P-532995,Premier Care Scooter & Powerchair Plus Insurance,90.00,90.23,%,0.00
P-532996,Premier Care Scooter Insurance,65.00,65.16,%,0.00
P-532991,Premier Care Warranty for Bed/chair hoist,0.00,95.23,Exact,0.00
P-532994,Premier Care Warranty Scooter/powerchair,85.00,99.24,Exact,0.00
P-533358,Premium Mattress Protector,15.60,32.07,Exact,26.06
P-533465,Premium Pillow Protector,14.55,29.06,Exact,20.04
P-533368,Pressure Tex Cushion,29.90,52.13,Exact,45.10
P-533431,Pride 660 Mini Lounger,0.00,1105.00,Exact,530.00
P-533992,Pride 660 Mini Lounger Rise and Recline Owners Manual,0.00,5.00,Exact,2.00
P-532618,Pride 670 Chairbed,0.00,1253.11,Exact,641.59
P-533993,Pride 670 Chairbed Rise and Recline Chair owners manual,0.00,5.00,Exact,2.00
P-533917,Pride 805 Wall Hugger,0.00,897.22,Exact,395.98
P-533863,Pride C-1WA Petite rise and recline chair,360.00,700.74,Exact,433.07
P-533916,Pride C1 Petite,0.00,800.99,Exact,368.92
P-533920,Pride C1 Petite Classic,0.00,406.01,%,0.00
P-533990,"Pride C1,C5,C6,C11 Rise and Recline Owners Manual",0.00,5.00,Exact,2.00
P-533918,Pride C11 Wingback,0.00,990.46,Exact,399.99
P-532611,Pride C15 Cameo Rise and recline chair,315.00,897.22,Exact,451.12
P-533287,Pride Celebrity X Sport,0.00,3006.46,Exact,1101.73
P-533105,Pride Celebrity X Sport Mobility Scooter,988.00,3507.70,Exact,1402.48
P-533224,Pride Colt Deluxe,0.00,2355.85,Exact,951.36
P-533025,Pride Colt Deluxe Mobility Scooter,812.00,2505.21,Exact,950.36
P-532551,Pride Colt ES10,0.00,2355.85,Exact,686.71
P-533945,Pride Colt ES10 Mobility Scooter,555.00,2355.85,Exact,685.70
P-533182,Pride Colt Executive,0.00,5007.42,Exact,2285.67
P-533128,Pride Colt Executive Mobility Scooter,1920.00,5007.42,Exact,2285.67
P-533958,Pride Colt Executive Mobility Scooter Owners Manual,0.00,5.00,Exact,2.00
P-532553,Pride Colt Plus,0.00,3047.56,Exact,800.99
P-533030,Pride Colt Plus Mobility Scooter,742.00,2906.21,Exact,786.96
P-532630,Pride Colt Pursuit 50amp,0.00,4360.83,Exact,1483.68
P-532762,Pride Colt Pursuit 70amp,0.00,5007.42,Exact,1583.93
P-532814,Pride Colt Range Mobility Scooter Owners Manual,0.00,5.00,Exact,2.00
P-533289,Pride Colt Sport,0.00,1187.95,%,0.00
P-532639,Pride Colt Sport Mobility Scooter,990.00,4110.20,Exact,1187.95
P-532554,Pride Colt Twin,0.00,3107.71,Exact,892.22
P-533135,Pride Colt Twin Mobility Scooter,742.00,3107.71,Exact,897.22
P-533026,Pride Colt XL8 Mobility Scooter,1240.00,4305.68,Exact,1703.22
P-533921,Pride D30 Comfort,0.00,411.02,%,0.00
P-533991,Pride D30 Rise and Recline Chair Owners Manual,0.00,0.00,Exact,2.00
P-533130,Pride Elite Traveller Plus 3 Wheel Travel Mobility Scooter,480.00,2003.97,Exact,581.44
P-533131,Pride Elite Traveller Plus 4 Wheel Travel Mobility Scooter,499.00,1899.71,Exact,600.49
P-533865,Pride Go Go Elite Traveller 3,0.00,1528.80,Exact,436.08
P-533230,Pride Go Go Elite Traveller 4,0.00,1659.11,Exact,441.09
P-532817,Pride Go Go Elite Traveller LX 12amp,0.00,1659.11,Exact,476.18
P-533166,Pride Go Go Elite Traveller LX 17amp,0.00,1803.47,Exact,533.32
P-532851,Pride Go Go Elite Traveller Owners Manual,0.00,5.00,Exact,2.00
P-533165,Pride Go Go Elite Traveller Plus 3,0.00,1899.71,Exact,500.24
P-533168,Pride Go Go Elite Traveller Plus 4,0.00,1879.66,Exact,536.33
P-533579,Pride Go Go Elite Traveller Plus Mobility Scooter Owners Manual,0.00,5.00,Exact,2.00
P-532708,Pride Go Go ES8,0.00,426.06,%,0.00
P-532638,Pride Go Go ES8 Mobility Scooter,357.00,1353.36,Exact,426.06
P-532963,Pride Go-Go 3 Elite Traveller Mini Mobility Scooter,360.00,1502.73,Exact,433.07
P-533404,Pride Go-Go Elite Traveller LX Mobility Scooter,450.00,1655.00,Exact,475.00
P-533375,Pride GoGo Elite 17AH Battery Pack,449.00,1602.98,Exact,626.56
P-532983,Pride GOGO Elite Traveller Mini Mobility Scooter,419.00,1602.98,Exact,506.26
P-532610,Pride LC-107 Dual Motor rise and recline chair,405.00,897.22,Exact,487.21
P-533913,Pride LC101,0.00,799.00,Exact,335.00
P-532774,Pride LC101 Rise and Recline Chair,298.00,1001.48,Exact,357.89
P-533989,Pride LC101 Rise and Recline Owners Manual,0.00,5.00,Exact,2.00
P-532833,Pride LC107,0.00,897.22,Exact,441.09
P-532585,Pride LL 805 Wall Hugger Rise Recline Chair,355.00,1302.23,Exact,427.06
P-532906,Pride LX Powerchair,825.00,2385.92,Exact,962.39
P-532579,Pride Maxima 3,0.00,1993.95,%,0.00
P-533136,Pride Maxima 3 Heavy Duty Mobility Scooter,1653.00,4451.04,Exact,1984.93
P-532561,Pride Maxima 4,0.00,1999.96,%,0.00
P-533137,Pride Maxima 4 Wheel Heavy Duty Mobility Scooter,1678.00,3503.69,Exact,1994.96
P-532770,Pride Maxima Mobility Scooter Owners Manual,0.00,5.00,Exact,2.00
P-532705,Pride Mega Motion Elite 8,0.00,1353.36,Exact,398.94
P-533821,Pride Ranger,0.00,5528.72,Exact,2755.84
P-533959,Pride Ranger Mobility Scooter owners Manual,0.00,5.00,Exact,2.00
P-532617,Pride T3,0.00,1353.36,Exact,621.54
P-533994,Pride T3 Liftchair Owners Manual,0.00,5.00,Exact,2.00
P-533156,Proform Cushion Combi,14.70,30.07,Exact,26.06
P-533363,Proform Cushion Standard,13.90,29.06,Exact,23.04
P-533364,Proform Pressure Relief Cushion Coccyx,14.70,33.07,Exact,25.05
P-533365,Proform Ultra Seat Raiser Cushion,17.90,36.08,Exact,28.06
P-532569,Prone Wedges,48.69,100.24,Exact,65.11
P-533543,PU Cushion cover,10.45,20.05,Exact,16.54
P-533324,Pushing Gloves,15.45,27.06,Exact,23.05
P-533648,Quad Cane,15.00,30.07,Exact,22.05
P-532910,Quad cane bronze finish with ambidextrous handle,17.63,26.57,Exact,23.65
P-533649,Quadruped with broad base,17.55,47.10,Exact,33.08
P-533489,Quantum 600 Powerchair,0.00,4045.03,%,0.00
P-532676,Quantum 610 Powerchair,0.00,3062.60,%,0.00
P-533549,Quaser Wheelchair,1621.10,2801.95,Exact,2801.94
P-532779,Queen Anne Fireside Chair,179.00,450.12,Exact,250.63
P-533342,Quick Suction Rail,13.40,27.05,Exact,21.04
P-532498,Quickie JIVE F Powerchair,0.00,0.00,%,0.00
P-532649,Quickie JIVE F XL Powerchair,0.00,0.00,%,0.00
P-532744,Quickie JIVE M Powerchair,0.00,0.00,%,0.00
P-532773,Quickie Jive R Powerchair,0.00,0.00,%,0.00
P-533672,Quickie Rumba Powerchair,0.00,0.00,%,0.00
P-532787,Quickie Salsa M Powerchair,0.00,0.00,%,0.00
P-533890,Quickie Salsa Powerchair,0.00,0.00,%,0.00
P-532743,Quickie Samba 2 Lite Powerchair,0.00,0.00,%,0.00
P-532665,Quickie Samba 2 powerchair,0.00,0.00,%,0.00
P-533944,Quickie Tango Powerchair,0.00,0.00,%,0.00
P-532742,Raised Toilet Seat,12.50,35.08,Exact,18.05
P-533520,Raised Toilet Seat,17.30,45.10,Exact,25.05
P-533800,Raised toilet seat,10.95,36.08,Exact,13.02
P-533612,Rannoch Rainguard,22.39,40.10,Exact,34.09
P-533298,Rascal 125 Self Propel Aluminium Wheelchair,0.00,350.88,%,0.00
P-533450,Rascal 135 Transit Aluminium Wheelchair,0.00,350.88,%,0.00
P-532841,Rascal 329 LE,0.00,4506.18,Exact,1884.68
P-532556,Rascal 388 Deluxe,0.00,2882.15,Exact,901.23
P-532734,Rascal 388 XL,0.00,2882.15,Exact,1001.48
P-533978,Rascal 388XL 388D 388S mobility scooter owners manual,0.00,5.00,Exact,2.00
P-532557,Rascal 450,0.00,951.36,%,0.00
P-532912,Rascal 450 Deluxe Mobility Scooter,759.00,2852.08,Exact,942.34
P-533985,Rascal 450/650 mobility scooter owners manual,0.00,5.00,Exact,2.00
P-532642,Rascal 650,0.00,1082.69,%,0.00
P-533091,Rascal 650 4 wheel 6mph Mobility scooter,860.00,3102.70,Exact,1077.67
P-533291,Rascal 850 Mobility Scooter,0.00,3503.69,Exact,1348.35
P-533986,Rascal 850 Mobility Scooter Owners Manual,0.00,5.00,Exact,2.00
P-533255,Rascal Eco 4 Mobility Scooter,367.00,1749.34,Exact,651.62
P-532535,Rascal Liteway 3,0.00,2100.21,Exact,991.46
P-533174,Rascal Liteway 3 Plus,0.00,800.99,%,0.00
P-532533,Rascal Liteway 4,0.00,1542.83,Exact,901.23
P-532534,Rascal Liteway 4 Plus,0.00,967.40,%,0.00
P-533809,Rascal Liteway 4 Plus Mobility Scooter,727.00,2501.20,Exact,967.40
P-532840,Rascal Liteway 6,0.00,1402.48,%,0.00
P-532625,Rascal Liteway 8,0.00,3834.52,Exact,1502.73
P-533254,Rascal Micro Balance Mobility Scooter,311.00,1298.22,Exact,526.31
P-532748,Rascal Micro Balance Mobility Scooter Owners Manual,0.00,5.00,Exact,2.00
P-532907,Rascal Mobility 480 Ultralite 4 Wheel Mobility Scooter,427.00,1949.84,Exact,600.49
P-533250,Rascal Partner Deluxe,0.00,1302.23,Exact,399.99
P-533170,Rascal Ultralight 480,0.00,1001.48,Exact,600.49
P-533819,Rascal Vision,0.00,5007.42,Exact,2805.96
P-533251,Rascal Wego Powerchair,629.00,1398.47,Exact,799.99
P-533655,Ready reacher,9.85,20.04,Exact,15.03
P-533176,Ready Set Go Travel Walker,36.50,72.63,Exact,52.69
P-532635,Rear Lockable box,50.95,90.23,Exact,75.18
P-532730,Reciprocal Adjustable Height Folding Walking Aid,40.75,65.15,Exact,59.14
P-532543,Recon 1 Year Warranty,0.00,125.31,%,0.00
P-532931,Reconditioned Stairlifts,0.00,0.00,%,0.00
P-533264,Rectangular Reflectors,0.00,5.53,%,0.00
P-533148,Rectangular Stick on Pads,6.00,13.02,Exact,9.01
P-533265,Reflective Adhesive Tape,0.00,6.90,%,0.00
P-533878,Reflective Waistcoat,0.00,12.43,%,0.00
P-533412,Reflective waistcoat_old,13.45,25.06,Exact,20.05
P-532672,Regatta Mobility Scooter User Manual,0.00,5.00,Exact,2.00
P-533468,Relieve Angled Carving Knife,16.50,30.07,Exact,23.82
P-533449,Relieve Angled Knife,13.25,27.05,Exact,19.13
P-533448,Relieve Cheese Slicer,15.00,27.05,Exact,21.66
P-533709,Remote control big switch,17.94,35.08,Exact,24.06
P-533705,Remote control bulb holder,18.49,33.07,Exact,24.06
P-533708,Remote control keyfob,8.86,20.04,Exact,15.03
P-533674,Remote control motion detector,20.11,38.10,Exact,27.06
P-533706,Remote control sockets,32.94,55.13,Exact,42.11
P-533707,Remote control window/door switch,11.14,23.05,Exact,15.03
P-533043,Replacement tri-Walker Bag,11.32,20.04,Exact,15.23
P-533044,Replacement Tri-Walker Tray & Basket,13.95,25.05,Exact,18.04
P-533041,Replacement Under Seat Basket for Rollator/walker,10.05,18.04,Exact,13.02
P-533628,Rest assured adjustable bed,591.88,1001.48,Exact,852.12
P-533367,Rest Ease Pressure Relief Cushion,16.65,29.06,Exact,25.05
P-532567,Restwell Chester Electric Adjustable Bed,400.00,1001.48,Exact,586.46
P-532613,Restwell Rise and Recline Chair Owners Manual,0.00,5.00,Exact,2.00
P-532616,Restwell Sven Leather,0.00,1402.48,Exact,588.46
P-533229,ReTurn Belt,72.50,166.42,Exact,125.31
P-532529,Reusable High Loss Pads,14.55,25.06,Exact,21.04
P-532897,Richmond Electric Adjustable Bed,260.00,700.74,Exact,375.93
P-533635,Richmond Scooter Bag,11.58,25.06,Exact,18.05
P-533633,Richmond XLCR Scooter Bag,18.53,38.10,Exact,30.08
P-532732,Rio Mobility Scooters Owners Manual,0.00,5.00,Exact,2.00
P-533764,Ripon Stool,151.66,250.63,Exact,191.47
P-532633,Rise easy bed aid,80.78,145.36,Exact,110.28
P-533910,Riva Faux Leather,0.00,800.99,Exact,270.67
P-533056,Riviera Bathlift From Drive Medical,195.00,500.24,Exact,339.84
P-533831,Riviera Shower Seat,53.69,129.32,Exact,79.19
P-532880,RMA 1418Q Deluxe Wheelchair,145.00,285.71,Exact,175.43
P-533814,RMA1419  Deluxe Transit Wheelchair,127.00,260.65,Exact,153.38
P-533569,Robin Rucksack,7.85,18.05,Exact,12.03
P-533716,Rocker Knife,9.40,26.06,Exact,13.24
P-533600,Rocker style leg rest,67.24,110.28,Exact,85.21
P-533574,Roll-up portable ramp,107.79,177.43,Exact,135.33
P-532934,"Roma 1000 Self Propelled Wheelchair, Folding Back",80.00,260.65,Exact,129.32
P-532516,Roma 1100 Transit Wheelchair,84.00,235.58,Exact,109.27
P-532866,Roma 1232 Lightweight Car Transit Wheelchair,84.00,299.74,Exact,112.28
P-533862,Roma 1472 Heavy Duty Self Propel Wheelchair,157.50,330.83,Exact,189.47
P-533860,Roma 1472X Heavy Duty Wheelchair,173.50,395.98,Exact,210.53
P-533906,Roma 1473 Heavy Duty Self Propel Wheelchair,272.50,496.23,Exact,327.81
P-533859,Roma 1473X Heavy Duty Self Propelled Wheelchair,302.50,551.37,Exact,365.91
P-533673,Roma City Walker 2465,75.50,140.34,Exact,73.17
P-533149,Roma Dual Powerstroll & Steel Wheelchair offer,344.00,700.74,Exact,506.26
P-533293,Roma Granada,0.00,3006.46,Exact,1363.38
P-533481,Roma Lyon,0.00,2204.47,Exact,790.97
P-533848,Roma Orbit 1300 Self Propel Wheelchair,157.00,350.88,Exact,189.47
P-533869,Roma Orbit 1330 Transit Wheelchair,157.00,350.88,Exact,189.47
P-533150,Roma Powerstroll & Lightweight Wheelchair,383.00,700.74,Exact,555.38
P-532559,Roma Sorrento,0.00,2505.21,Exact,927.30
P-533663,Roma Sorrento Mobility Scooter,689.00,2505.21,Exact,926.30
P-532549,Roma Sovereign 4,0.00,2204.47,Exact,730.82
P-532764,Roma Torino,0.00,4409.94,Exact,1513.76
P-532532,Roma Valencia,0.00,2501.20,Exact,857.12
P-533167,Roma Vegas 18A/H,0.00,600.49,Exact,600.49
P-532597,RoMedic MobiStol,88.50,135.33,Exact,127.76
P-533277,RoMedic ReTurn R7500,429.00,700.74,Exact,641.59
P-532596,RoMedic SitWalk Patient Sitting Aid,55.50,99.24,Exact,80.19
P-533763,Rotating Bath Seat,96.50,167.37,Exact,120.29
P-533346,Rotating Reacher,10.40,21.05,Exact,14.04
P-533069,Royal Cosi Rise and Recline Chair,655.00,1253.11,Exact,888.21
P-533146,Royale 3 Mobility Scooter,2227.00,5809.41,Exact,2705.71
P-532719,Royale 3 Mobility Scooter User Manual,0.00,5.00,Exact,2.00
P-533147,Royale 4 Mobility Scooter,2278.00,6013.92,Exact,2705.71
P-532684,Royale 4 Mobility Scooter User Manual,0.00,5.00,Exact,2.00
P-532825,Rubbergrip Bath Mats,8.50,17.04,Exact,12.02
P-533852,S2 Self Propelled Wheelchair,81.50,225.56,Exact,117.29
P-533853,S2 Steel Transit Wheelchair,81.50,225.56,Exact,117.29
P-532894,Safety Grab Rail chrome steel,13.21,18.04,%,0.00
P-533615,Safety Slipover,8.77,20.05,Exact,13.03
P-533411,Safety Strap,11.45,20.05,Exact,13.02
P-532887,Safety Walker 4 wheel Rollator 2410,59.00,115.28,Exact,92.23
P-533003,Safety wall grab bar anti slip textured finish,12.00,12.83,Exact,12.03
P-533268,Saftey Strap,0.00,8.98,%,0.00
P-533267,Sam Browne Reflective Belt,0.00,15.02,Exact,7.00
P-533409,Sansibar Wall Mounted Shower Stool,30.00,60.14,Exact,45.11
P-533114,SatNav Systems,0.00,0.00,%,0.00
P-533038,Savanah Raised Toilet Seat,11.20,59.14,Exact,17.03
P-533761,School Chair Footrest,99.74,165.41,Exact,140.35
P-532804,Scooter Accessory Pack,45.50,110.28,Exact,70.18
P-533455,Scooter Back Bag,17.50,28.07,Exact,25.27
P-533877,Scooter Bag,0.00,36.08,Exact,17.03
P-533381,Scooter Bag_old,15.93,30.08,Exact,22.05
P-532943,Scooter Basket and Liner Cover,0.00,23.04,Exact,12.02
P-533405,Scooter basket liner and cover,12.95,25.06,Exact,20.05
P-533885,Scooter Cape,0.00,80.19,Exact,50.12
P-533473,Scooter Cape_old,30.18,55.13,Exact,49.12
P-532590,Scooter Coat Lined,0.00,55.13,Exact,47.10
P-533410,Scooter Coat Lined_old,35.86,67.16,Exact,55.13
P-532594,Scooter Control Panel Cover,0.00,20.04,%,11.99
P-533327,Scooter control panel cover_old,12.45,27.06,Exact,20.05
P-533884,Scooter Cosy,0.00,80.19,Exact,50.12
P-533498,Scooter Cosy_old,39.95,75.18,Exact,60.15
P-533496,Scooter Cover,35.16,52.63,Exact,51.11
P-533883,Scooter Leg Cape,0.00,46.11,%,30.99
P-533497,Scooter Leg cape_old,25.45,45.11,Exact,39.09
P-533483,Scooter Saddle Bag,16.50,30.07,Exact,24.06
P-533414,Scooter Safety Coat,30.50,70.18,Exact,44.11
P-532595,Scooter Seat Cover,0.00,25.05,%,11.99
P-532815,Scooter seat cover_old,12.95,25.06,Exact,20.05
P-532593,Scooter Shelter,0.00,250.62,Exact,180.44
P-532845,Scooter Shelter_old,125.95,200.50,Exact,190.48
P-533881,Scooter Starter Pack,0.00,130.32,%,69.99
P-532902,Scooter Starter pack_old,0.00,59.14,%,0.00
P-532592,Scooter Storage Cover,0.00,60.14,%,30.99
P-533432,Scooter Storage Cover_old,25.95,47.11,Exact,40.10
P-533445,Scooter Tiller Bag,12.00,20.80,Exact,17.32
P-533266,Screw In Tax Disc Holder,0.00,4.14,%,0.00
P-532839,Seattle,0.00,897.22,Exact,500.24
P-533957,Seattle Rise and Recline Chair Owners Manual,0.00,5.00,Exact,2.00
P-533077,Seattle Rise Recline Lift Chair,389.00,1398.47,Exact,516.28
P-533406,Security Bag,15.95,30.08,Exact,25.06
P-533938,Selina Slipper Pan,10.45,20.04,Exact,13.68
P-533834,Sena Powerchair from Roma Medical,919.00,2404.97,Exact,1282.18
P-533604,Senset Cleaning Foam,4.10,13.02,Exact,6.52
P-532985,Serena Dual Motor Rise and Recline Armchair,428.00,2004.96,Exact,578.44
P-533505,Serena Pillow Lift,285.00,601.48,Exact,411.42
P-532967,Serena Single Motor Rise and Recline standard armchair,329.00,1023.14,Exact,500.24
P-533280,Shape Matching Board,21.19,36.09,Exact,28.07
P-533180,Shaped Incontinence Pads,11.45,20.04,Exact,16.04
P-532581,Shaped Spouted Lid,4.92,8.92,Exact,6.26
P-532965,Sheerlines Standard storage cover,17.43,35.08,Exact,29.07
P-533002,Shoe Horn extra long in length,8.16,20.04,Exact,13.02
P-532670,Sholley Classic with Chocolate Bag,53.50,99.24,Exact,81.15
P-532631,Sholley complete with Deluxe Bag,61.30,100.24,Exact,96.24
P-532923,Sholley Petite complete with Deluxe Check Bag,63.30,100.24,Exact,96.24
P-533407,Shopping Bag,15.95,35.08,Exact,27.06
P-533288,Shoprider Cadiz,0.00,3006.46,Exact,1142.84
P-532939,Shoprider Cadiz 8mph Mobility Scooter,979.00,3006.46,Exact,1142.84
P-533981,Shoprider Cadiz Mobility Scooter owners manual,0.00,5.00,Exact,2.00
P-533122,Shoprider Cameo 3 mini Mobility Scooter,465.00,1763.37,Exact,616.53
P-532928,Shoprider Cameo 4 Mobility Scooter - Mini Scooter,471.00,1498.72,Exact,600.49
P-533955,Shoprider Cameo Mobility Scooter Owners Manual,0.00,5.01,Exact,2.00
P-533271,Shoprider Cordoba,0.00,5007.42,Exact,1448.60
P-532940,Shoprider Cordoba 8mph Mobility Scooter,1299.00,4409.94,Exact,1448.60
P-532558,Shoprider Deluxe,0.00,2254.60,Exact,982.44
P-533125,Shoprider Deluxe mobility scooter,829.00,2705.71,Exact,982.44
P-532640,Shoprider Deluxe Mobility Scooter Owners Manual,0.00,5.00,Exact,2.00
P-532713,Shoprider Granada Mobility Scooter Owners Manual,0.00,5.00,Exact,2.00
P-533832,Shoprider Lugano Powerchair,1269.00,3607.95,Exact,1703.22
P-532761,Shoprider Napoli TE787L Owners Manual,0.00,5.01,Exact,2.00
P-533173,Shoprider Paris,0.00,2003.97,Exact,700.74
P-533123,Shoprider Paris Mobility Scooter,579.00,2003.97,Exact,699.74
P-533974,Shoprider Paris Mobility Scooter owners manual,0.00,5.00,Exact,2.00
P-532685,Shoprider Perrero,0.00,2705.71,Exact,1017.52
P-532889,Shoprider Perrero Mobility scooter,875.00,2906.21,Exact,1012.52
P-532555,Shoprider Sovereign 3,0.00,2204.47,Exact,900.24
P-533124,Shoprider Sovereign 3 Mobility Scooter,729.00,2404.97,Exact,897.22
P-532941,Shoprider Sovereign Mobility Scooter,529.00,2304.72,Exact,842.09
P-533838,Shoprider Sovereign Mobility Scooter Owners Manual,0.00,5.01,Exact,2.00
P-532864,Shoprider Torino Heavy Duty 8mph Mobility Scooter,1399.00,3403.44,Exact,1513.76
P-533980,Shoprider Torino Mobility Scooter Owners Manual,0.00,5.00,Exact,2.00
P-533820,Shoprider Traveso,0.00,6009.91,Exact,3749.30
P-533126,Shoprider Traveso mobility scooter,3594.00,6815.91,Exact,3749.30
P-533984,Shoprider Traveso Mobility Scooter Owners Manual,0.00,5.00,Exact,2.00
P-533087,Shoprider Valencia Mobility Scooter,749.00,2805.96,Exact,971.41
P-533979,Shoprider Valencia Mobility Scooter owners manual,0.00,5.00,Exact,2.00
P-533956,Shoprider Vegas Mobility Scooter owners Manual,0.00,5.00,Exact,2.00
P-532863,Shoprider Vienna Electric Wheelchair,649.00,2003.97,Exact,827.05
P-533493,Shoprider Whisper,0.00,1161.88,Exact,489.21
P-533121,Shoprider Whisper Mini Mobilty Scooter,375.00,1161.88,Exact,489.21
P-533954,Shoprider Whisper Mobility Scooter Owners Manual,0.00,5.01,Exact,2.00
P-533816,Shower Chair,40.15,75.18,Exact,55.13
P-533328,Shower sandal,25.50,45.11,Exact,30.29
P-533770,shower stool,26.95,55.09,Exact,37.08
P-533032,Shuttle Specialist Child Buggy from Roma,179.00,350.88,Exact,259.64
P-533835,Sienna Rise and Recline Chair,331.00,800.99,Exact,476.18
P-532854,Siesta Electric Profiling Bed from Roma Medical,495.00,1077.67,Exact,800.99
P-532989,Silver Sport Wheelchair from Drive,70.00,210.53,Exact,85.21
P-533880,Simplantex Scooter Shopper,0.00,120.30,Exact,94.23
P-532514,Simplantex Scooter Shopper_old,76.50,130.33,Exact,110.44
P-532964,Simplaphone,229.25,399.99,Exact,250.63
P-533682,Simple mobile phone and alarm,112.00,300.75,Exact,145.36
P-533334,Simplex Bath Tub Coach,405.71,601.37,Exact,512.27
P-533133,Single Bed Fleece (pure wool),27.95,55.13,Exact,45.11
P-532604,Single sided walker bag,15.45,28.07,Exact,23.05
P-533740,Single Step Stool,25.75,46.11,Exact,35.07
P-533756,Single touch autocan opener,11.14,21.05,Exact,15.03
P-533191,Sirocco Powerchair,765.00,1999.96,Exact,977.42
P-533758,Slatted Bath Board,11.50,36.08,Exact,19.56
P-533760,Slatted Bath Seat,20.25,39.08,Exact,22.71
P-532860,Slimline Cosi Chair from Electric Mobility,404.50,851.11,Exact,586.46
P-533396,Slimline Wedge,14.40,28.07,Exact,21.05
P-532725,Smart Ramps,160.00,399.99,Exact,199.49
P-532583,Sock helper,22.28,46.11,Exact,33.07
P-533806,Sock/Stocking Aid,7.33,16.03,Exact,11.01
P-532900,Sofia Single motor Rise and Recline Armchair,327.00,901.23,Exact,451.12
P-533700,Soft Splash Guard,59.44,120.30,Exact,80.20
P-533555,Soft swivelling seat,16.32,28.07,Exact,22.06
P-533382,Soft Transfer Seat,15.70,31.07,Exact,25.06
P-533434,Solo Toilet Lift,786.00,1502.73,Exact,1134.81
P-533037,Sonaris Bathlift,246.75,600.49,Exact,335.83
P-533774,Sound Discrimination Block Set,34.11,55.13,Exact,45.11
P-533253,Spa Bathroom Steps,37.44,65.15,Exact,55.13
P-533533,Spa Bathroom Stools,51.61,80.20,Exact,69.17
P-533252,Spa Stainless steel support rails,78.07,140.35,Exact,110.28
P-532843,Speader board,5.73,13.02,Exact,8.02
P-533684,Speaking Pager Bed Sensor Mat With Transmitter and Pager Kit,101.91,220.54,Exact,145.36
P-533687,Speaking pager chair sensor mat with transmitter and pager kit,101.91,220.54,Exact,145.36
P-533757,Spill not jar and bottle opener,12.77,22.05,Exact,17.04
P-533283,Splash Bathlift,241.70,500.24,Exact,320.80
P-533747,Sport Rider Mobility Scooter User Manual,0.00,5.00,Exact,2.00
P-533784,Spring laces- Pair,4.10,8.02,Exact,6.02
P-532623,ST1 Mobility scooter owners manual,0.00,5.00,Exact,2.00
P-533968,ST2 Mobility Scooter Owners Manual,0.00,5.00,Exact,2.00
P-533887,ST3 Mobility Scooter Owners Manual,0.00,5.00,Exact,2.00
P-533969,ST4 Mobility Scooter Owners Manual,0.00,5.00,Exact,2.00
P-533204,ST4D Mobility Scooter,1029.00,2606.47,Exact,1654.11
P-533952,ST4E Mobiltiy Scooter,829.00,1803.47,Exact,1168.91
P-533970,ST5 Mobility Scooter owners Manual,0.00,5.00,Exact,2.00
P-533241,ST5D Mobility Scooter,1382.00,2405.97,Exact,1999.96
P-533189,ST6 Mobility Scooter,2370.00,6013.92,Exact,3206.96
P-533971,ST6 Mobility Scooter Owners Manual,0.00,5.00,Exact,2.00
P-532874,Stairlift Rental,0.00,0.00,%,0.00
P-533688,Stairlifts,0.00,0.00,%,0.00
P-533597,Stand easy,226.96,350.88,Exact,290.73
P-532767,Standard Canopy,0.00,249.62,%,0.00
P-533813,Standard Chrome Transit Wheelchair,105.00,362.90,Exact,189.47
P-533780,Standard floor fixed support rail,80.55,239.58,Exact,110.28
P-532867,Standard Folding Wheelchair Self Propel,90.00,249.62,Exact,108.27
P-532872,Standard Folding Wheelchair Transit Mode,95.00,249.62,Exact,115.28
P-532869,Standard Lightweight Aluminium Rollator,54.00,130.33,Exact,65.16
P-533783,Standard portable Bidet,10.65,20.04,Exact,16.83
P-532636,Stapel Hygiene Step,47.50,72.18,Exact,68.57
P-533477,Stay tray with bean bag,23.95,42.11,Exact,36.09
P-533729,Steelite deep rim plate,8.71,15.03,Exact,13.03
P-533290,Sterling Diamond,0.00,4004.94,Exact,1253.11
P-532706,Sterling Little Star,0.00,1001.48,Exact,450.12
P-532552,Sterling Sapphire 2,0.00,1854.61,Exact,780.94
P-532799,Stick n stay grab rail,28.50,45.11,Exact,39.09
P-532857,Stingray Buggy,0.00,0.00,%,0.00
P-533296,Storage/dust cover,17.81,35.08,Exact,27.06
P-533160,Strawberi strawholder,5.46,12.03,Exact,8.02
P-533905,Stretch Pants for use with Large shaped incontinence Pads,8.45,9.01,Exact,5.67
P-532938,Stylish folding aluminium childs wheelchair,297.00,496.23,%,22.00
P-533427,Suction Grab Bar,6.00,14.04,Exact,12.03
P-533601,Summit seat raiser,12.20,20.05,Exact,16.04
P-533079,Sunfire General Powerchair from Drive,1151.00,2506.22,Exact,1388.45
P-533742,Sunflower Shallow Bath,207.45,410.02,Exact,300.75
P-532942,Super Deluxe Canopy,0.00,349.87,%,0.00
P-533369,Super V Pressure Care Cushion,64.90,109.26,Exact,87.20
P-533095,Superior Steel Self Propel Wheelchair from Drive,120.00,325.81,Exact,145.36
P-533825,Superior Steel Transit Wheelchair from Drive Medical,121.50,325.81,Exact,159.39
P-532500,Sure Grip Cup,6.80,14.04,Exact,9.01
P-533731,Sure grip non spill feeding cup and lid,5.06,11.01,Exact,7.01
P-533362,Surface Sanitising Wipes,5.00,11.01,Exact,7.53
P-532509,Sven Rise and Recline Armchair,429.00,1101.73,Exact,590.47
P-532683,Swan Toilet and Bathing Chair,0.00,0.00,%,0.00
P-533702,Swedish fix it food preparation board,57.44,85.21,Exact,75.18
P-532663,Swift Lightweight Transit Wheelchair from Karma,237.00,395.98,Exact,329.82
P-533492,Swift Toilet Seat Raiser,57.50,155.38,Exact,100.24
P-533177,Swift Ultra Lightweight Self Propel Wheelchair,121.50,349.22,Exact,165.41
P-533829,Swift Ultra Lightweight Transit Wheelchair,115.50,349.22,Exact,155.38
P-532920,Swift versatile lightweight Self propel wheelchair from Karma,237.00,395.98,Exact,329.82
P-533428,Swivel Seat,19.95,38.10,Exact,32.08
P-533556,Swivel seat deluxe,21.19,29.07,Exact,28.07
P-533665,Tactile Vibration Sensory Tub,495.25,902.24,Exact,681.69
P-533695,Talking Alarm Clock,10.50,20.04,Exact,14.03
P-533645,Talking Ear/Forehead Thermometer,23.90,48.12,Exact,35.08
P-532658,Talking Time And Date Cube,12.00,25.06,Exact,18.04
P-532669,Talking timer and clock,15.78,25.06,Exact,20.05
P-533413,Tartan knee rug,18.95,40.10,Exact,30.08
P-533157,Tasty Beaker,17.50,22.06,Exact,18.75
P-533259,Tasty Glass,11.50,17.03,Exact,10.08
P-533158,Tasty Plate,16.00,20.04,Exact,16.58
P-532584,Terry cloth sock aid,12.26,20.04,Exact,18.04
P-533108,The Chester Electric Adjustable Bed,400.00,901.23,Exact,586.46
P-533186,The Classic Rise and Recline Chair,424.05,901.23,Exact,800.99
P-533343,The Dark Den,63.28,107.25,Exact,89.22
P-533140,The Devon Adjustable Bed Drive Medical,260.00,600.49,Exact,380.95
P-533094,The Electric Mobility Liteway 4 Wheel Mobility Scooter,667.00,2350.84,Exact,1097.72
P-532997,The Enigma Energi + Powerchair from Drive,926.00,2100.21,Exact,997.47
P-533021,The Go-Chair Travel chair from Pride,737.00,1789.44,Exact,892.22
P-533733,The Hydrant,9.39,19.03,Exact,12.53
P-533219,The hydrant spare tube and valve,3.89,10.02,Exact,6.52
P-533019,The Jazzy Select 6 Powerchair from Pride,940.00,2315.75,Exact,1132.82
P-532859,The Monarch Cosi Chair from Electric Mobility,527.50,997.47,Exact,636.58
P-533070,The Monarch Cosi Chair in Brisa Fabric,777.50,1498.72,Exact,937.32
P-532987,The Pride Maxima 4 Heavy Duty Mobility Scooter,1678.00,3503.69,Exact,2020.01
P-533139,The Pride Ranger 8 mph Mobility Scooter,2530.00,3909.70,Exact,3057.59
P-533023,The Pride T3 versatile lift and recline chair,510.00,1353.36,Exact,613.52
P-532505,The Regal Cosi Chair from Electric Mobility,705.00,1353.36,Exact,852.12
P-533068,The Steel Travel Wheelchair,56.50,160.40,Exact,58.14
P-533276,Thermal arthritic gloves,21.74,45.10,Exact,28.07
P-533329,Thermal wrist wrap,14.97,24.05,Exact,19.56
P-533726,Thermo plate,15.78,29.07,Exact,21.05
P-533690,Threading Helper,6.40,13.02,Exact,8.47
P-533596,Three way adjustable leg rest,18.49,39.09,Exact,25.06
P-533227,Threshold bridging ramp,129.46,250.63,Exact,160.40
P-532724,Tights Aid,9.25,20.04,Exact,14.03
P-533057,Tilt Top Overbed Table,34.47,62.15,Exact,60.14
P-533766,Tilting Bed Tray,27.90,40.09,Exact,37.08
P-533789,Tipper base for cordless kettle,15.24,28.07,Exact,20.05
P-532794,Toilet Platform With Handrails,270.29,422.04,Exact,360.90
P-533786,Toileting seat aid,30.45,65.15,Exact,45.11
P-533647,Tomy Walkabout Classic Advance Monitor,61.19,99.24,Exact,78.20
P-533845,Topro Olympos Rollator,152.00,255.63,Exact,200.50
P-533844,Topro Taurus Walker,405.00,1502.73,Exact,636.58
P-533134,Torkel Toilet Paper Tongs,20.50,30.07,Exact,23.07
P-533923,Trabasack Curve Connect Lap Tray,25.00,50.08,Exact,45.06
P-532832,Trabasack Curve Lap Tray Bag,23.00,50.08,Exact,40.05
P-533925,Trabasack Mini Connect Lap Desk Tray and Bag,23.00,50.08,Exact,40.05
P-533924,Trabasack Mini Lap Desk Tray and Bag,21.00,40.05,Exact,35.04
P-533676,Transfer board,22.32,45.11,Exact,30.08
P-533107,Transport Travel chair from Karma Mobility,132.00,220.55,Exact,199.49
P-533929,Travel John,8.90,16.03,Exact,12.02
P-532627,Travelease MS001 & MS002 Mobility Scooter Owners Manual,0.00,5.00,Exact,2.00
P-532686,Travelite Aluminium Transport Wheelchair,71.50,209.47,Exact,100.24
P-533664,Trekker Gait Trainer,406.80,600.49,Exact,588.46
P-533643,Trent trolley,63.99,107.25,Exact,85.21
P-533637,Tri wheel walker with arthritic attachments,127.40,268.66,Exact,199.49
P-532580,Tri Wheel Walker with loop brakes,38.95,86.21,Exact,50.13
P-533005,Troja 4 Wheel Walker Rollator,124.00,249.62,Exact,170.43
P-533851,Troja Forearm Walker,299.00,451.12,Exact,401.00
P-533599,Tuffet leg rest,50.99,100.24,Exact,68.17
P-533613,Tumble Forms Deluxe Floor Sitter Set,155.99,255.63,Exact,205.51
P-533391,Tumble Forms Feeder Seat Only,111.04,195.48,Exact,150.38
P-532519,Tumble Forms Mobile Base,189.45,320.80,Exact,263.65
P-533624,Tumble Forms Tray For Feeder Seat,344.93,541.33,Exact,470.17
P-533422,Turn Table,61.50,96.24,Exact,88.78
P-533754,Twister jar opener,3.97,10.02,Exact,6.02
P-533335,Two Handled Mug,13.85,26.07,Exact,19.04
P-533867,U Drive Powerstroll,759.00,1703.22,Exact,1001.48
P-533657,UA-767 Plus Upper Arm Blood Pressure Monitor,51.61,86.21,Exact,70.18
P-533776,Ultimate jar opener,6.81,15.03,Exact,10.53
P-533930,Ultra Lightweight 20'' Alum Wheelchair,140.50,350.88,Exact,202.51
P-533898,Ultra Lightweight Aluminium Self Propel Wheelchair,125.00,320.80,Exact,150.38
P-533899,Ultra Lightweight Aluminium Transit Wheelchair,120.00,320.80,Exact,145.36
P-533964,Ultralite 355/355XL mobility scooter owners manual,0.00,5.00,Exact,2.00
P-533965,Ultralite 380/480 Mobility Scooter Owners Manual,0.00,5.00,Exact,2.00
P-533830,Ultralite Deluxe Aluminium Wheelchair SP,125.00,349.87,Exact,172.43
P-532788,Ultralite Deluxe Aluminium Wheelchair TR,120.00,339.84,Exact,162.41
P-533697,Under Pillow Vibration Alarm Clock,17.15,28.06,Exact,22.06
P-532531,Underseat Bag,19.95,35.08,Exact,30.08
P-533469,Uni Universal Turner,15.00,30.07,Exact,21.66
P-533153,Universal Contoured Collar,2.40,12.03,Exact,5.97
P-532588,Universal Cup,7.90,9.02,Exact,6.52
P-533629,Universal mattress elevator,393.75,701.74,Exact,501.24
P-533004,Universal replacement under seat rollator bag,10.05,20.04,Exact,15.02
P-532796,Universal Wheelchair Headrest,62.50,103.38,Exact,99.24
P-533619,Up easy power seat,112.50,250.63,Exact,150.38
P-532797,V Shaped Pillow,17.95,38.10,Exact,30.08
P-532786,V Shaped Pillow replacement Cover,10.95,25.06,Exact,18.04
P-532678,Vacuum jug,21.19,36.08,Exact,27.06
P-533164,Van Os Medical Boost,0.00,506.26,%,0.00
P-533623,Vega Elite Lightweight Wheelchair,2000.00,0.00,Exact,2004.96
P-533552,Vega Lightweight Wheelchair,0.00,0.00,Exact,0.00
P-533082,Vegas Portable Mobility Scooter,427.00,0.00,Exact,0.00
P-533753,Vegetable work station,31.93,50.12,Exact,39.09
P-533808,Venus Elite Lightweight Wheelchair,0.00,1498.72,%,0.00
P-533734,Venus Lightweight Wheelchair,891.25,0.00,Exact,0.00
P-533175,Venus Mobility Scooter,850.00,5263.06,Exact,1097.72
P-532692,Verb Power Chair,1118.41,2300.71,Exact,1498.72
P-533803,Vibrating pill box reminder,8.88,20.04,Exact,12.03
P-533565,Visco pressure care cushion,53.69,110.28,Exact,80.20
P-532974,Viscount Rise and Recline Chair,1025.50,2003.97,Exact,1238.07
P-533689,Voice alert monitor,34.11,70.17,Exact,46.12
P-532947,Volt Excel Powerchair,2146.65,0.00,Exact,0.00
P-533348,Volt Flex Powerchair,2146.65,0.00,%,0.00
P-532948,Volt FWD Powerchair,1582.95,0.00,Exact,0.00
P-533593,Volt Powerchair,1220.00,3206.96,Exact,2501.20
P-532709,Volt S Powerchair,2146.65,0.00,Exact,0.00
P-533571,Wagtail cover Sleeved,25.07,50.13,Exact,38.10
P-533572,Wagtail Cover Unsleeved,16.57,35.08,Exact,26.06
P-533039,Walking frame pouch,9.11,18.04,Exact,12.22
P-533383,Walking stick clip,7.49,9.01,Exact,4.29
P-532926,Walking stick with ambidextrous handle,11.50,20.04,Exact,11.01
P-532905,Walking stick/cane with ergonomic handle,10.79,16.54,Exact,15.53
P-533713,Wall mounted emergency alarm,7.89,19.03,Exact,11.02
P-533773,Wall Mounted Shower Seat,19.99,50.12,Exact,30.07
P-533778,Wall Mounted Shower Stool with drop down legs,26.49,60.14,Exact,45.11
P-532614,Warwick,0.00,550.37,%,0.00
P-532777,Washable Bed Pads,14.85,40.10,Exact,20.04
P-533356,Washable Seat Pads,9.70,18.04,Exact,13.02
P-532893,Waterproof Double Bed Mattress Cover in white viny,8.37,15.02,Exact,11.01
P-532675,Waterproof Fitted Mattress Cover,7.62,15.03,Exact,11.02
P-533028,Waterproof single bed mattress cover,7.95,14.54,Exact,10.31
P-532598,Wave Pillow,22.45,40.10,Exact,35.08
P-533388,Wedge Pressure Care Cushion,14.40,28.07,Exact,20.04
P-533804,Week day tablet wallet,5.71,14.03,Exact,9.01
P-533514,WendyLean,24.50,40.09,Exact,35.37
P-533605,Wet Weather Wheelchair Gloves,17.00,35.08,Exact,26.07
P-533591,Wheelchair Backpack,4.00,26.06,Exact,20.04
P-532828,Wheelchair Bag,14.20,30.08,Exact,20.04
P-533373,Wheelchair fleece covers,12.90,31.06,Exact,20.05
P-533560,Wheelchair safety belt,10.06,18.05,Exact,13.54
P-532956,wheelchair seatbelt,9.74,15.55,Exact,14.32
P-533338,Wheelchair storage bag,27.95,47.11,Exact,42.11
P-533603,Wheelchair Transport cover,34.77,65.16,Exact,52.13
P-533143,Wheelchair Tray,21.95,40.10,Exact,33.08
P-532527,Wheeled Walking Frame,22.00,49.12,Exact,31.06
P-533509,Wheely Apron (3 in 1),24.95,45.11,Exact,39.09
P-533508,Wheely Apron (unlined),19.45,35.08,Exact,29.07
P-533416,Wheely Brella,13.45,30.08,Exact,25.06
P-533499,Wheely Cosy,29.95,55.13,Exact,45.11
P-533502,Wheely Mac Unsleeved/Sleeved,19.38,38.10,Exact,28.07
P-532694,Whirl Steel Self Propel Wheelchair,91.45,339.84,Exact,146.37
P-533418,Whirl Steel Transit Wheelchair,85.45,339.84,Exact,129.83
P-532873,Wicker Commode Chair,101.50,230.58,Exact,145.35
P-533585,Winchester Mac unsleeved,15.77,40.10,Exact,31.06
P-533573,Windermere warmer,32.76,60.15,Exact,50.13
P-533228,Window pull,28.24,50.13,Exact,37.09
P-533357,Wipe Clean V - Shaped Pillow,26.90,43.09,Exact,36.08
P-533693,Wireless portable mini cctv,165.62,350.88,Exact,220.55
P-533607,Wooden bed raisers,17.40,28.07,Exact,23.05
P-532949,Wooden Cane/stick with standard handle,10.79,21.56,Exact,14.03
P-532950,Wooden cane/walking stick with crook handle,10.79,21.56,Exact,15.24
P-533602,Wooden cube raisers,24.64,42.11,Exact,35.08
P-533563,Woodpecker warmer,22.33,42.11,Exact,34.09
P-532605,Wraparound walker bag,14.45,28.07,Exact,22.06
P-533712,Wrist emergency alarm,6.68,23.05,Exact,12.03
P-533625,Wrist Talker,55.31,90.22,Exact,85.31
P-533680,Writing bird,22.28,38.10,Exact,30.08
P-533311,XXL Deluxe Scooter Storage Cover,0.00,45.10,%,0.00
P-532632,Z-Tec Go-Lite Compact Folding Rollator,43.00,130.32,Exact,55.13
P-533067,Z-tec Heavy Duty 22 Wide Seat Black Steel Wheelchair,164.00,389.97,Exact,197.49
P-533049,Z-tec Heavy Duty Extra Wide Steel Wheelchair,159.00,350.88,Exact,205.50
P-532646,Z-Tec Lite Compact Tri-Walker,39.00,99.24,Exact,50.12
P-532951,Zenith Extra Wide Commode,267.25,399.99,Exact,354.89
P-532568,Zippie RX Kids Wheelchair,0.00,0.00,%,0.00
P-533846,Zippie RXS Kids Wheelchair,0.00,1248.10,%,0.00
P-533847,Zippie Simba Lightweight Childrens Wheelchair,0.00,1649.09,%,0.00
P-533850,Zippie TS Wheelchair,0.00,1929.79,%,0.00
P-534000,Zippie Youngster 3 Wheelchair,0.00,1348.35,%,0.00
P-533066,Ztec Folding HEAVY DUTY 20in S/P Black Steel Wheelchair,154.00,359.89,Exact,185.46
