527364,S84UKSB1001
527365,SPSTLITTLESTAR4
527366,ECLIPSE
527367,S84UKSB1001
527368,"I-GO 12AMP"
527369,MS023
527370,SCUK40EMULR12
527371,MS024
527372,SCUK40EMULR12
527373,"I-GO 18AMP"
527374,S787NA
527375,MS017
527376,SC44LXUKMR1001
527377,PARTNERD
527378,9280160
527379,SC44LXUKMR1002
527380,SC44LXUKMR1002
527381,S841
527382,SC54UKMR1003
527383,MS018
527384,UL480
527385,UL355XL
527386,MS019
527387,GK9
527388,LITEWAYP3
527389,GK10
527390,LW4
527391,LITEWAYP4
527392,LW3
527393,SCOOTCASE
527394,-
527395,-
527396,-
527397,-
527398,-
527399,-
527400,-
527401,-
527402,-
527403,-
527404,-
527405,SR168-4
527406,S888NR
527407,MS040
527408,S104UKSB1001
527409,SPSLSAPHIRE2
527410,SC710UKVB1005
527411,SC712UKVB1002
527412,S778NR
527413,TE388DLX
527414,Te450
527415,S889NR
527416,S742
527417,MS050
527418,SCUK940VBLU
527419,SCUK900VBLU
527420,s146
527421,LW
527422,MP31U51
527423,MPS31U51
527424,MPU51
527425,MPSU51
527426,USA2AMP
527427,BAT/C/CTE24V2A
527428,BAT/C/CTE24V5A
527429,BAT/C/24V8A
527430,BAT/C/24VINC
527431,TRP607-2
527432,TRP607-3
527433,TRP607-4
527434,TRP607-5
527435,TRP607-6
527436,TRP607-7
527437,TRP607-8
527438,TRP-WE6
527439,TRP-WE8
527440,TRP-WE10
527441,TRP-BR4
527442,TRP-BR6
527443,TRP-BR8
527444,TRP-BR10
527445,ZT-664-WCR5
527446,ZT-664-WCR7
527447,R008
527448,R004
527449,R005
527450,TRP-CV5
527451,TRP-CV10
527452,TRP-CV11
527453,TRP-CV15
527454,TRP-CV20
527455,TRP-CE2
527456,TRP-CU2
527457,TRP-CU2/3
527458,TRP-CU3
527459,TRP-CV30
527460,TRP-CE2/3
527461,TRP-CE3
527462,TRP1RT
527463,TRP15RT
527464,TRP2RT
527465,VSCD2XL51
527466,VSCDXS51
527467,COO5
527468,COO3
527469,COO2
527470,COO1
527471,COO4
527472,SPC
527473,SPC
527474,"Manufacturer part code"
527475,BAT/UB12-10
527476,BAT/UB12-12
527477,BAT/UB12-15
527478,BAT/UB12-18
527479,BAT/UB12-22
527480,BAT/UB12-35
527481,BAT/UB12-40
527482,BAT/UB12-50
527483,BAT/UB12-55
527484,BAT/UB12-75
527485,BAT/UB12-110
527486,HVCWSBU28
527487,ECWSBU28
527488,CWSVU28
527489,LECWSB12
527490,DOSBU28
527491,MBU28
527492,SBLU51
527493,"P - MC"
527494,"DSITDH28 (Black) 29 (Chrome)"
527495,MSF
527496,WCSF
527497,"RRA (Amber) RRR (Red) RRW (White)"
527498,RAT
527499,SITDH
527500,SBRB
527501,LBOU28
527502,MWSH
527503,MPCWP
527504,DSSP
527505,ALARM
527506,RT5025
527507,"Kool Kaddy"
527508,PUNC
527509,PUNC25
527510,PUNC/P
527511,AIRSAFEPLUG
527512,MS041
527513,SC710DXUK
527514,UNIVERSE
527515,388XL
527516,S888SLR
527517,SR510DXS2B
527518,MS042
527519,"RASCAL 650"
527520,SCUK4401SPOBLK
527521,S889SL
527522,S710DXWUKV
527523,SPSPDIAMOND
527524,"RASCAL 850"
527525,MS052
527526,S743
527527,MS052
527528,MREG
527529,LITEWAY6
527530,329LE
527531,S889XLSBN
527532,SC713UK
527533,LITEWAY8
527534,S778XLSBN
527535,SC713UK
527536,SCORPIO
527537,M48GT
527538,SC714UK
527539,COBRA
527540,HW005
527541,SR001BLK
527542,HW002
527543,HW001
527544,RASCALVISION
527545,S889XLSBN/CAN
527546,PMV600
527547,"RIV001 - Brown
RIV002 - Black"
527548,"HAV101C - Brown
HAV102C - Black"
527549,Becky
527550,"UKLC101NALM - Almond
UKLC101NOATT - Oatmeal
UKLC101AQAT - Aqua
UKLC101SPRT - Spruce
UKLC101BURT - Burgundy"
527551,CLR11
527552,PVC-CLR11
527553,"UKC1KDNALM - Almond
UKC1KDNOAT - Oatmeal
UKC1KDBUR - Burgundy
UKC1KDSPR - Spruce
UKC1KDAQA - Aqua"
527554,"UK805KDNALM - Almond
UK805KDNOAT - Oatmeal
UK805DKBUR - Burgundy"
527555,"UKC11KDNALM - Almond
UKC11KDNOAT - Oatmeal
UKC11KDAQA - Aqua
UKC11KDSPR - Spruce
UKC11KDBUR - Burgundy"
527556,Cambridge
527557,"UKC1WANALM - Almond
UKC1WANOAT - Oatmeal"
527558,"UKD30KDNALM - Almond
UKD30KDNOAT - Oatmeal
UKD30KDSPR - Spruce
UKD30KDBUR - Burgundy
UKD30KDAQA - Aqua"
527559,Marlborough
527560,"UK107NALM - Almond
UK107NOAT - Oatmeal
UK107BUR - Burgundy"
527561,ALC22005
527562,ALCLD01
527563,CLR22
527564,CLR12
527565,CLR12BLK
527566,ILR4
527567,CLR1
527568,CLR3
527569,"UK660KDNALM - Almond
UK660KDNOAT - Oatmeal
UK660KDBUR - Burgundy
UK660KDSPR - Spruce
UK660KDAQA - Aqua"
527570,Warwick
527571,Oxford
527572,ALC2217
527573,"UKT3MBSHFG - Blush
UKT3MNUTFG - Nutmeg
UKT3MOBLFG - Ocean Blue
UKT3MFAWFG - Fawn
UKT3MMOSFG - Moss Green"
527574,"UK670KDNALM - Almond
UK670KDNOAT - Oatmeal
UK670KDSPR - Spruce
UK670KDBUR - Burgundy
UK670KDAQA - Aqua"
527575,CDL8
527576,"758SPBC - Waterfall Back, Small, Seasons Cocoa
758SCPC - Waterfall Back, Small, Patchwork Cocoa
758SCPO - Waterfall Back, Small, Patchwork Oyster
758SPBO - Waterfall Back, Small, Seasons Oyster
758SPLC - Waterfall Back, Small, Leaf Cocoa
758SPLO - Waterfall Back, Small, Leaf Oyster
758SSBU - Waterfall Back, Small, Seasons Burgundy
758SSFR - Waterfall Back, Small, Seasons Forest
758SVBC - Waterfall Back, Small, Cherry
758SVLT - Waterfall Back, Small, Jade
757SPBO - Button Back, Small, Season Oyster
757SPLC - Button Back, Small, Leaf Cocoa
757SPLO - Button Back, Small, Leaf Oyster
757SSBU - Button Back, Small, Seasons Burgundy
757SSFR - Button Back, Small, Seasons Forest
757SVBC - Button Back, Small, Cherry
757SVLT - Button Back, Small, Jade
757SPBC - Button Back, Small, Seasons Cocoa"
527577,"758MPBC - Waterfall Back, Small, Seasons Cocoa
758MCPC - Waterfall Back, Small, Patchwork Cocoa
758MCPO - Waterfall Back, Small, Patchwork Oyster
758MPBO - Waterfall Back, Small, Seasons Oyster
758MPLC - Waterfall Back, Small, Leaf Cocoa
758MPLO - Waterfall Back, Small, Leaf Oyster
758MSBU - Waterfall Back, Small, Seasons Burgundy
758MSFR - Waterfall Back, Small, Seasons Forest
758MVBC - Waterfall Back, Small, Cherry
758MVLT - Waterfall Back, Small, Jade
757MPBO - Button Back, Small, Season Oyster
757MPLC - Button Back, Small, Leaf Cocoa
757MPLO - Button Back, Small, Leaf Oyster
757MSBU - Button Back, Small, Seasons Burgundy
757MSFR - Button Back, Small, Seasons Forest
757MVBC - Button Back, Small, Cherry
757MVLT - Button Back, Small, Jade
757MPBC - Button Back, Small, Seasons Cocoa"
527578,"758LPBC - Waterfall Back, Small, Seasons Cocoa
758LCPC - Waterfall Back, Small, Patchwork Cocoa
758LCPO - Waterfall Back, Small, Patchwork Oyster
758LPBO - Waterfall Back, Small, Seasons Oyster
758LPLC - Waterfall Back, Small, Leaf Cocoa
758LPLO - Waterfall Back, Small, Leaf Oyster
758LSBU - Waterfall Back, Small, Seasons Burgundy
758LSFR - Waterfall Back, Small, Seasons Forest
758LVBC - Waterfall Back, Small, Cherry
758LVLT - Waterfall Back, Small, Jade
757LPBO - Button Back, Small, Season Oyster
757LPLC - Button Back, Small, Leaf Cocoa
757LPLO - Button Back, Small, Leaf Oyster
757LSBU - Button Back, Small, Seasons Burgundy
757LSFR - Button Back, Small, Seasons Forest
757LVBC - Button Back, Small, Cherry
757LVLT - Button Back, Small, Jade
757LPBC - Button Back, Small, Seasons Cocoa"
527579,"757SBSKIN - Button Back, Small, Brisa, Buckskin
757SCBEAN - Button Back, Small, Brisa, Coffee Bean
757SHHOCK - Button Back, Small, Brisa, Hollyhock
758SBSKIN - Waterfall Back, Small, Brisa, Buckskin
758SCOFFB - Waterfall Back, Small, Brisa, Coffee Bean
758SHHOCK - Waterfall Back, Small, Brisa, Hollyhock"
527580,"757MBSKIN - Button Back, Small, Brisa, Buckskin
757MCBEAN - Button Back, Small, Brisa, Coffee Bean
757MHHOCK - Button Back, Small, Brisa, Hollyhock
758MBSKIN - Waterfall Back, Small, Brisa, Buckskin
758MCOFFB - Waterfall Back, Small, Brisa, Coffee Bean
758MHHOCK - Waterfall Back, Small, Brisa, Hollyhock"
527581,"757LBSKIN - Button Back, Small, Brisa, Buckskin
757LCBEAN - Button Back, Small, Brisa, Coffee Bean
757LHHOCK - Button Back, Small, Brisa, Hollyhock
758LBSKIN - Waterfall Back, Small, Brisa, Buckskin
758LCOFFB - Waterfall Back, Small, Brisa, Coffee Bean
758LHHOCK - Waterfall Back, Small, Brisa, Hollyhock"
527582,"PR125PHC - Classic, Herringbone Cocoa
PR125PHO - Classic, Herringbone Oyster"
527583,mmbu28
527584,obu28
527585,DSBU28
527586,RW
527587,MPC
527588,SSSU
527589,ssp
527590,PCDU51
527591,SLCU51
527592,SYD
527593,SCD
527594,SCTLD
527595,VSCD
527596,VSC51
527597,"SSFPU28 = Green, SSFPU55 = Black"
527598,SCPCU28
527599,SSC
